PAIS_COD,1-2014,2-2014,3-2014,4-2014,5-2014,6-2014,7-2014,8-2014,9-2014,10-2014,11-2014,12-2014,1-2015,2-2015,3-2015,4-2015,5-2015,6-2015,7-2015,8-2015,9-2015,10-2015,11-2015,12-2015,1-2016,2-2016,3-2016,4-2016,5-2016,6-2016,7-2016,8-2016,9-2016,10-2016,11-2016,12-2016,1-2017,2-2017,3-2017,4-2017,5-2017,6-2017,7-2017,8-2017,9-2017,10-2017,11-2017,12-2017,1-2018,2-2018,3-2018,4-2018,5-2018,6-2018,7-2018,8-2018,9-2018,10-2018,11-2018,12-2018,1-2019,2-2019,3-2019,4-2019,5-2019,6-2019,7-2019,8-2019,9-2019,10-2019,11-2019,12-2019
ARE,83.51497206708967,59.514997224819815,47.293588047666745,52.98396035865926,74.43130890369676,69.43595269404442,79.63559501753531,72.65941020225294,65.77662619731858,50.15698587127159,72.78689227662659,56.9201256147069,80.62008923574457,88.83094917645317,37.71558075360343,52.941960723193894,67.25719020348869,65.6187857640319,79.88720873593292,70.27144684628237,67.34127479814286,60.28571428571429,74.48159220953339,56.32588747572708,86.07041952994163,79.47930510595012,22.465345283677692,53.146334963905566,65.37585968160386,70.4459316452747,80.32506376092634,72.80026990553307,62.8185283015848,36.618004866180044,73.82090134904537,61.946937679519415,83.46250467971242,66.46796563811763,37.90245668847513,57.78415410168312,67.34702880119167,67.11597069763484,81.68717867397032,72.91267096873715,67.47991693629957,42.38831983712524,72.73611508202909,60.98519576973586,68.96195185325028,71.97924256885942,73.03798911635138,55.32544378698225,61.6113744075829,56.66047420428585,67.36570635335002,53.57089329666849,38.500832485006256,47.29363869970753,45.88150219879067,35.828745223051406,58.109864422521724,74.72389554367527,79.45508104018316,55.02283105022831,49.74874371859298,69.77755211657478,71.8966128661415,56.78315650056258,46.78793273719374,40.83782174676138,53.152818979800685,40.928275788143644
AUS,67.6364311023121,39.79035491168118,36.51603875722158,49.026741174360396,73.216797872424,47.40037619972781,41.29156230768019,74.97711853558627,65.38588774745652,60.099424385138676,51.58708653575803,50.77814760573381,68.3699136895154,61.29569991538036,38.10780306098343,49.75800339306846,78.1781380537628,46.19318613931249,47.49025528794666,73.95428675856307,62.90966250751882,56.71428571428571,52.935861524096815,52.797548530154536,71.62475933599744,55.24365520237364,14.01865620090149,49.94761895613291,76.20339849326291,49.803193227110846,50.94302615428815,77.66918799402352,60.209832320779206,30.160178426601785,56.05196024770061,54.206193365014876,68.67060710895366,43.80801172736253,38.63594981535926,55.56855396734379,73.56495551388922,51.12350743455704,51.33717358188639,77.39518906338759,62.12386528430237,31.67352231107338,58.462904211495484,52.794232721983754,69.85975592355119,53.27653911214238,51.498160286824465,54.73372781065089,91.94312796208528,62.41217381430264,55.06890961411817,54.241001923151,41.265592028972605,3.56285367836208,48.97809129674791,43.382813378909916,55.05185411487269,54.109192887437004,54.03076306197504,53.881278538812786,86.43216080402016,68.22105030130979,62.966370752563364,54.22533171995926,45.99091290355778,2.731361579947061,51.064584692633474,46.533767791755594
AUT,67.29634497209537,48.87210616359578,40.649919544173386,49.866607475453115,66.32121938859689,57.62320013934878,42.20704558567005,53.06271601382489,59.91230890831251,52.95656724228154,76.86731098566848,57.36509838480281,67.16271161988749,69.72519996006926,43.032668489082376,49.407327118764286,66.96997849776751,54.58990516185441,42.22027013440541,52.064732142857146,59.309315051618945,48.71428571428571,78.25362709186238,58.210933594512554,71.53418372767787,63.632690403346814,20.657145001006278,49.432796505748755,67.18093630154748,59.09239430615143,41.48094424524024,64.44377168883747,56.93030055748072,29.308596918085968,80.82273130295442,61.7399058404025,65.13518821864983,57.26017726522621,44.85185314764493,53.75369157905176,60.51912041117545,59.05647171515871,39.82044274786605,63.162506917102505,57.26817096462937,31.732447434808503,82.17553336750545,60.39436689359611,66.12410434809628,62.669739112063525,49.561787559702225,54.73372781065089,89.09952606635072,53.41671830112897,48.18530744516352,56.16208958289749,36.20220515602137,27.41095251475611,43.91776391611026,49.846742851972955,54.13437316729675,62.26708658301922,46.762956681544075,54.337899543378995,86.43216080402016,63.378794687757996,56.132825428298986,51.049434554947695,42.66582482757274,26.81156994890261,47.405020876819655,54.12110506220092
BEL,66.25658978150517,45.8833337066926,37.79901858356753,52.09808309159046,80.74950928784867,59.88634942239083,39.0650214621447,59.13762480798771,66.24621567542044,59.366823652537946,69.58318955601564,63.62687212194601,64.68128371297057,70.2752049030664,41.69021745244282,51.95887129331049,81.73501347478637,54.43576789262375,46.43917172673755,59.07398705096074,68.26123529076797,57.857142857142854,74.44806555100672,63.904642137097376,68.22472370641134,60.057196527466964,22.327177116364755,51.92492532505589,88.2220248089001,62.62723491479253,49.15724718547759,69.6080194476576,63.758782960263765,36.37469586374696,76.01851294599773,64.15685946206254,60.05478098428566,49.94434584154869,44.9681899632464,56.4254165405339,76.71707942259295,61.15295520445853,49.269655652226255,68.03581987865076,61.37149257157442,43.30481589025761,76.39420001082574,63.23795201562101,63.645307882693906,68.06852105289992,43.277530285981285,55.917159763313606,85.30805687203788,54.582715669929314,44.65470145823333,61.73381240036817,39.9036419750557,46.76773647139949,46.99137545010535,49.05167556436497,48.36962467371407,67.24404012914445,46.27179287032597,54.5662100456621,82.41206030150752,63.27174585987192,48.47455139071461,62.96497657121863,45.395527571046664,47.187305541367586,49.636579968134846,52.76776850506999
BGR,27.16491888566541,23.710606366717727,23.500662437802553,40.366733768703305,38.847430204735105,29.988960792078046,30.491797968167386,40.220094086021504,34.68711126167641,37.10099424385138,18.815074597079427,16.540742360939408,25.626460037325014,33.18337366565984,33.23972360028349,39.72837874300723,39.433769833862065,27.55537929494781,28.979336676785035,37.23364400584795,37.59613862385783,34.57142857142857,21.701019296607534,19.11927027831783,30.09388084503287,32.245809763934446,27.08958241332266,39.339495343877886,39.67813610256702,31.214370922870778,33.113210396166416,47.649562608444185,42.01393898604035,21.390916463909164,27.92275154977995,27.68733702022334,27.084194912995013,28.910170522068174,30.936285298271308,33.1350853762237,29.630249392778513,32.068438955636545,27.511970950776746,43.414286387631975,38.586517154840166,26.687167320907893,28.14435688697583,25.24563635564872,37.763813645820065,39.333730505317575,42.54820117313269,70.58823529411765,63.9810426540284,28.975333628784615,27.402284236674966,47.25080851158745,31.316304590642567,23.969413249564365,30.71981738576628,18.205335009665216,42.51241457465632,39.04471597718843,48.38951320137478,37.88009737406911,58.793969849246274,40.694536633316325,33.889426152880006,51.89464629132924,34.02858824957869,22.748636926344723,35.90015238262189,22.843909193893573
BRA,28.824544079263386,14.594307776186948,32.415841370375915,45.297366987557666,38.242612926304915,43.9906244977492,32.69877019402144,50.06992447516641,35.2786373252765,68.78597592883307,42.17017606208427,27.296561867990437,20.26058083795666,22.117034797092632,33.596000247488554,44.564769300128326,29.41900436903096,38.54762256209479,26.641642247150553,45.91596177944862,36.34466058142783,68.0,35.85446144269674,20.53537492139854,22.4531009103458,21.89006326453784,34.33956037770662,37.13648388640599,29.49717128097086,38.709469247166446,25.319581562686764,36.68130663196452,35.76175873391982,35.30008110300081,34.24088026015003,17.59175218213044,23.195930831787003,20.420957953275952,39.891755370959444,34.54662315634393,22.059149575961495,39.38999444269157,26.177647675548112,35.49982186930716,34.4597871261697,38.03455496164315,37.94048916921445,20.603025875520256,43.6255171832316,31.63385803187858,29.213542798125598,20.179690219282982,63.50710900473933,32.4195031766542,29.5804477847132,37.645655235821295,26.1725181809579,0.059790121184972046,42.837491003844384,25.02388469819651,38.27888903930468,31.54088524856754,31.684757646467613,9.269262348213125,61.306532663316624,24.521206523204945,31.393303857310165,40.95650427509093,31.272764351718806,0.057972437484923534,35.64561906025321,26.98708941312262
CAN,75.24165955292608,44.12310882081789,41.314640097629535,49.157614095716376,71.9175639595331,46.47375746224245,64.94337758483715,78.16432251664106,59.57263056446111,68.2888540031397,59.3234490728452,54.71301456276826,72.70597731982993,65.26443058955124,43.25379177775528,49.45801551130752,72.47132906386726,43.21928560549393,66.91812815547121,81.52901785714286,62.72245106394944,65.85714285714285,62.89699897052838,55.01076691296697,75.2741510948106,57.92496708359123,17.57543725612187,49.29631350419072,70.65611454239465,48.01846669799751,65.45657505109811,76.48615227973781,60.51761777083916,37.46958637469586,60.59666775640407,55.99621749878164,71.6994697573963,52.98334169494937,43.54604909548269,55.69718382984432,72.33458565345374,49.61193964159492,70.7132046852922,79.48680302540596,61.11219507848501,38.274325555022585,62.42453998065096,56.63621283683826,71.25708823823867,57.64857846382479,43.679485102407725,54.43786982248521,90.52132701421802,61.162831163667164,46.19974690916519,66.32707653895916,47.81344165865718,7.54373251721787,49.49413073663574,52.306172726147594,56.72693781447259,56.81669408606994,46.64109866838815,53.65296803652968,86.93467336683419,73.97641975883909,50.57287328590537,63.22982983336167,53.198390395879485,6.940420614004865,52.002254182132226,49.75018524129963
CHE,81.2450880714995,70.9528528904322,41.393804294476084,53.109614086078246,85.25637325637325,57.776798481180776,83.44096529832352,77.4508768561188,76.08728506779808,50.65410779696494,89.24935214186422,85.7460909185047,74.64502369300179,68.22088059602308,54.37308430735078,47.147586112454974,72.12511947674118,52.35335729467359,53.887327202434534,72.4766342940685,84.73676600057772,48.28571428571429,77.20766297972179,77.0887236168395,87.07736904244655,72.57210547552171,22.999541739414372,53.8370867596339,83.17156707768328,62.509559002902165,86.5634394952698,84.40349672257567,74.81297402479296,32.20802919708029,89.61712654410424,86.79416470801509,83.49176238278321,63.990930719285124,62.256107305621526,59.512966885738514,85.13140844262868,64.96116989294576,88.4316191970949,83.35764113337643,74.7745468353664,34.85203341306364,91.39100917511206,86.8313910899851,74.25179744525933,76.87618765896023,56.932769662674914,50.0,93.83886255924172,72.18468294754801,54.71222318065288,76.46063425647863,53.88304613803135,29.33929902958748,52.471837140296266,73.91611387025732,56.56603695222991,75.36982296919253,61.90110632548128,50.91324200913242,94.47236180904525,80.64695744069225,56.71225176361545,74.64799470087047,58.68601142184166,28.637219359526775,51.50483733181904,77.50772665802229
CHL,62.414254025898934,32.60515857084057,30.082006908422454,41.316357466531215,52.644739460982656,46.613720289810786,57.916369877375004,64.96555779569893,46.415178393601146,46.80795395081108,38.05048894118942,33.49887255305975,55.19333688599213,52.25741524571364,32.67958599102291,40.091239676258205,50.864485363013415,42.59312761469926,55.52430361462358,62.9984466374269,48.28211017601601,46.857142857142854,37.14198328904211,29.54991917460679,54.32427092924919,44.009469399945516,17.278790186251232,40.82935033289963,49.83245571582934,45.32713579018399,56.1413436416655,70.03742830634278,45.95391115206936,72.22222222222223,36.58163082503854,26.80019590753251,50.9874643987352,39.74406375874906,35.43722267550176,49.41886466976187,45.740174748261424,47.69584464146837,57.5138141242235,72.62480932058138,45.772789180509754,26.460448900414626,41.69242939195006,28.15558489778741,55.403018169618456,51.28063317159143,38.356137149199824,58.875739644970416,84.36018957345973,43.383381477486864,55.02098712618022,50.62030907972166,38.259726294097,18.56528454820695,32.89772741006443,18.88294135204904,45.82436095946729,51.89543564419547,44.2084763996266,54.5662100456621,77.88944723618094,52.38210246719556,58.98588853352761,48.74916276855304,44.0012873945819,18.360561409515093,36.21429341322634,22.11053420684062
CHN,47.51241226321338,32.38183851818267,44.993202288667746,34.079215168225566,46.66705327844166,53.18573980370171,56.17228402257107,52.169858870967744,26.174748157310937,97.95918367346937,44.386392816344504,43.67884668623585,40.871220379379984,47.39654358118777,45.666393163691176,33.351981242904955,44.65201749344129,46.04017415172326,54.015140438793736,48.21271929824562,28.14351390486248,100.0,43.525204098733504,42.24276810770537,46.322219207949296,47.43370547653858,30.67333521885468,33.99928751856978,47.3353360854831,52.790189013788584,53.35362744909962,54.27740023134759,33.26362836510582,56.2043795620438,47.408178685562056,46.49421662852216,50.05229317864854,41.27138150153738,51.42161904780666,29.90262298793124,45.66324630396615,53.80643112274367,55.687699196620855,55.408962973301215,34.31874046980801,76.6628766344514,49.335735147498006,48.36239146628902,49.97683136565797,58.18841320669677,42.77288406510968,52.82544378698225,74.88151658767774,43.21564364377846,52.29748750664141,62.97518014676348,40.02232903461153,3.4354385410324104,40.79633313126461,45.28408640841469,44.06580603833632,58.25058553214247,52.22948332712775,51.53191305475131,74.87437185929647,51.43539605648924,53.6413731943453,61.46167323977427,44.2500303673706,2.76262817851377,40.39705481397555,49.55065053187452
COL,26.411462866154963,13.326356914156953,28.11782739445887,40.66620465767962,38.89557793822766,37.40396463369196,41.8825333109534,39.07010048643113,27.226721491808185,48.58712715855573,33.576329288889674,24.597055535479182,22.97349354760556,29.70604092313603,30.31420640545375,40.17262667586468,36.13075413590916,34.73071189299863,39.767539017235244,48.46928519214704,29.036410605136656,47.0,35.08487754075989,22.5203658236017,24.92434961536512,21.600278338620043,23.969016188966307,29.27916339639738,36.596122310475266,37.30018992922467,37.56773325432682,56.45708321283979,27.554246855582363,24.239659367396598,36.95091537941437,23.26227540344783,20.097164128809787,19.52595378189024,40.6806333907613,32.45460965080048,31.09094005088867,33.72900680074058,34.44802051181046,51.15693283432254,25.61990101308015,24.872647667370614,36.762107795441736,23.06443693662675,43.39544638457093,31.261818905645583,26.314591838699954,52.74973894883398,80.56872037914688,35.68831495432033,31.51282903361,46.27610102691878,28.100357007833324,22.749007204124148,32.62273651208409,15.185028759164313,37.91648733924388,32.87026267332181,32.60910741228046,42.217996917448104,86.43216080402016,43.015755921634806,32.24040742536319,46.836286830181166,33.15707452009121,21.972951698326014,36.042065009290624,17.00978925088338
CZE,38.208707392697285,30.032243108505295,32.344388446235854,43.18885649274397,53.760178485223854,47.9465387935854,44.533579305872436,52.77253744239631,47.03979361559037,51.17739403453689,45.87825452861685,36.51105468593153,43.249311726881885,48.04598852445861,34.75583285523044,37.277060850970614,55.81895608138933,51.40641543775496,49.49845416026056,58.273091583124476,54.22964338971516,49.57142857142857,47.8724771960066,37.335227977828445,48.17001350177276,44.30679178884566,17.61763576695786,44.06148408156125,55.65162584388244,53.65882679454204,49.44030928215917,64.75749168594564,54.669608534809925,31.843065693430656,48.756959252902455,35.83101914300151,45.30746627796045,35.47570063664136,30.441365294059857,61.86845992748086,53.001842268426415,53.52584568862187,50.71092218446584,63.8398381642867,51.860093575485905,38.616012157955666,52.07207107158206,37.751111615869675,48.48554612617415,63.32979857610836,42.56854750447946,54.73372781065089,75.82938388625588,45.54264127887771,36.911206198274165,58.26405612121273,35.308061850355486,36.08872721665324,41.492636405432634,25.676017165790494,38.90654122367918,60.29398907321401,47.858304005150764,54.5662100456621,71.35678391959803,48.70232213984311,38.247989501591135,57.560863855588245,38.421172501643795,35.361651425903204,45.717833713260546,26.671746295379535
DEU,69.38598311876555,60.4476843164082,33.7277501855237,46.96517189434412,69.9502056473472,57.19989164641815,54.17784808419374,63.15280177931387,63.16115868712926,81.34484563055992,84.9195412299277,75.87258053267905,66.11403311394697,77.84852245635577,35.03275285624683,47.26037607213924,71.55040787306544,53.54274173533414,55.94964842230942,64.57289055973266,65.98588305194171,81.85714285714286,88.43963226316167,75.27332803619232,69.1285846121409,68.00840577591407,14.105853426746586,47.063851895640674,68.79788938544452,58.28720122503089,57.72800374533293,71.71207767013688,65.09816035163512,47.800081103000814,86.37422738031258,77.40107298651165,68.22184306004722,58.58650565072134,37.60353232703018,47.02293516745365,68.71218541982432,67.46314805900728,67.14598577692976,76.10260603367222,66.19249875162616,50.48665410165181,84.1572257187016,79.72824048418238,67.0081838947644,70.53284149466893,49.441893673440426,52.9585798816568,85.78199052132702,64.33736415558286,57.41799392250462,71.94936426882298,41.867782879745285,10.086060599301478,63.93006985699952,64.34939457503572,55.82959461009407,67.71555697078996,53.50405538605063,53.42465753424658,81.90954773869349,69.2591535810209,60.03754823696268,69.48728515090228,46.94818408884531,9.39572114676989,62.59986216922192,64.78713112140869
DNK,69.12679999302371,44.50436754346876,37.12799203442198,49.17775176799671,72.54807866060135,47.83545140365713,55.11921275461038,57.39879352278545,76.42024592964181,43.74672946101517,71.54369773633059,63.14886948877096,71.08432681955598,68.95252873886596,33.22179135141573,49.11634846032564,76.40642434710239,47.215925966856126,57.37681237681238,58.29280231829574,78.93693370107167,41.42857142857143,75.77170868347338,62.530632947322296,74.6104408539753,63.00740986241889,15.573874576586423,49.42825454486922,77.1758838036823,51.91940298174805,62.706514002013705,62.800315090611136,71.39514479185478,24.655312246553123,76.63911075777202,62.96354027803625,69.78719937695352,53.1844963851183,41.38866110119033,54.30903120222631,75.96520228753963,54.14060986829858,59.70530959519473,64.68957360041918,71.00743777217221,28.014102905802915,76.11088711271968,62.53969222372117,70.75754593604762,63.134701095230284,62.6181014105406,52.071005917159766,84.36018957345973,64.67055734207327,48.32209194992003,61.07576220248017,55.02798237849719,20.52855342950139,56.278470609369066,50.687498759323674,58.01793475482695,63.4757244358089,67.99716957458702,51.369863013698634,82.41206030150752,76.1218677289726,56.626739469011056,61.37641489251448,59.067481482038616,20.026172042135133,61.42950996609534,57.41001556638897
EGY,23.65334268779463,16.689127355463487,23.094280497411496,41.73030127001327,10.378427128427127,23.584392838049876,33.59094545935322,19.768505184331794,16.39604240970312,49.60753532182104,22.983793469904583,9.306933957180265,24.24455005009353,32.889266041022715,27.827706484200107,41.81523290815091,10.718756296291712,25.381699526044866,33.04036372282626,22.9985119047619,14.986146568687264,52.85714285714285,24.50980691421868,9.69561584883856,26.317198601375193,24.083064815969195,42.832035658009794,47.452781805674576,9.121424375185944,25.073606883231964,30.98984699486578,33.691922112974744,17.884489544222284,26.115166261151664,26.63335960673689,9.94258958286911,33.880428453400015,29.85412689043683,33.222606274333636,44.19527789027592,8.915030374708481,26.944614978703942,35.292273334917304,44.15723981900452,18.65791863043308,28.530249915561857,26.79845200994139,14.51745765887431,37.73913972611666,45.394010889790245,19.369890531941984,54.19117647058824,46.919431279620845,23.759082185498077,48.515485512695605,44.65637080710314,25.158520079833252,41.215697417187535,21.72778810782047,20.52827436923483,35.74418108473299,46.935873832636965,18.28856333554395,52.68138801261829,38.190954773869336,33.26745846114583,50.89096058627523,50.60336039264425,31.029939930522897,42.517909313280484,32.10300003745125,27.016796217736626
ESP,38.88042835458619,52.54946766774624,31.709898891700718,47.195884514886465,58.68009386929532,44.84871810185735,31.180432840863553,32.78825844854071,51.775859829403664,67.2684458398744,44.81271099628588,36.71215233530505,39.216721581204425,72.89517213776173,45.288355101076576,46.95743450854895,55.364405520722855,40.84247836694067,32.43585262216286,35.69659826649959,52.99007462441284,65.85714285714285,48.43574780339486,35.51743380212139,46.7419979659677,62.75586241456449,31.478082876896703,47.475753129819175,54.50521702781806,44.453026790720145,36.99743997633861,45.70243216213611,52.14143378295414,37.46958637469586,51.53322852866464,35.06119026888201,43.679103700263724,55.09138198177599,49.50637436370713,51.1817594270075,50.4663900170836,46.54867299823841,35.78926780033552,45.69571666079019,49.48265931166272,39.37098027082323,52.23541886826211,33.36474018331469,54.196108696250256,66.7089470843039,48.855127832274604,37.95683954054995,97.15639810426536,37.76223853284276,39.67281433886765,53.50821817221844,35.261247456877896,7.340466604059002,35.110191495827266,28.848736167174494,46.46539183042986,67.03010776686658,56.01389574940795,37.65178687178601,94.9748743718593,47.39839705300086,47.087291505917776,56.11848516628108,41.704135202743245,6.70240303707573,37.71524094694826,33.83027192899413
EST,66.86571676041173,39.06983762328426,31.75360563886236,45.47858625353414,66.23013505114231,55.18776598868813,57.981696245026015,58.4218990015361,57.642334781317906,20.225013082155943,39.16091680282503,40.962423366364256,64.49882868188911,50.288242062472875,25.388665303512926,45.39956610642373,67.2781680088956,52.4713045905876,56.43659214943136,58.71854114452799,60.91491825238859,17.000000000000004,39.86224233283056,42.4235375210374,70.04532897702369,52.47024768643673,11.34086426212107,46.19388608373952,66.79719259859856,57.379043180459,56.591911557964984,67.4932674233661,61.17622710522096,11.96269261962693,41.72429148494057,43.486271814258984,65.15091640110256,48.68748025294409,26.143122731682222,53.411582568215564,65.21318922411797,57.93949798597404,57.69144120439738,67.14497206225147,60.487857780013066,19.72813440504459,44.12295164562008,41.915837034604635,63.372957575505815,53.44410137633837,58.36915221925857,56.80473372781065,71.56398104265404,49.01734679889656,49.942270591583636,70.01870353646517,41.33190284427701,25.213381527941035,40.71363002667133,21.217651841676705,47.396820343351706,52.45553552732916,65.80806236877191,57.305936073059364,69.34673366834173,56.379638098530386,48.62702617373126,69.7050967108913,41.22435052271382,24.23544481981242,45.03835792707744,21.507731146575512
FIN,91.00642804211122,53.37481868076843,36.41229359619475,56.21907632664517,87.30916818779795,54.23625026469436,48.81560170979034,83.5596678187404,74.09506309178629,41.18262689691261,71.83508028918658,87.81672488815346,87.25185436617697,72.86987821419116,38.22122664326775,56.1464734738456,84.23940600427,48.3820208525395,47.67140463778779,83.11135912698413,76.2640290573767,38.57142857142857,70.10727752639518,84.53994500446863,92.94695469528591,65.12056179616594,17.343120834787744,56.136108100847636,84.58042869081977,56.70145655377204,48.16486424346143,86.0579182330827,72.98854899951861,21.877534468775345,70.0280049095972,83.0242723207351,88.72116774671711,54.5609572815959,39.03149779686407,61.72581656996367,85.1070700123702,59.28561408586214,48.48294554955415,87.53270014299426,72.58697796258888,23.805242216305388,69.4116843592605,81.08010093528945,82.48115103676659,63.69875531134204,57.90979718716371,51.77514792899408,87.2037914691943,70.19364073665162,53.44023311784098,58.60312684373052,53.238441667951186,16.676291474231164,56.99611701523523,54.732326416698164,60.44466770378845,64.31413951036471,64.90325268488678,51.598173515981735,83.41708542713569,82.1280695105638,58.21795066613358,57.97461053960519,60.04843975694105,16.358331862636664,60.92247085006231,57.01341354325771
FRA,55.85483870833414,56.65812147428454,37.59203257943661,45.7771352744085,64.71125370898511,46.79751459819572,36.76892823998906,63.7310787890425,64.45906987803218,74.17582417582418,63.05137986901272,58.425137311836814,55.9926461677625,76.60634732208379,39.90251411809703,45.39439574415784,66.10495777117318,46.00702179213741,39.337362759800996,61.57470499164578,66.65909541896049,72.71428571428572,67.17878689937513,60.78445870711631,62.01081771357858,69.64314382638139,18.634235648933323,45.49593793087558,65.29381204562593,50.514282466429414,38.71859427725864,65.2634892519761,62.41970327593828,40.61232765612327,72.47349151862336,61.33092292702248,57.234636123248016,61.47635773610596,41.48774226087378,50.951138181526474,60.42556197144374,50.28586172203702,36.10814176872498,60.85155041037394,60.68393066810041,42.953616593470784,71.28028919960553,59.664893263924135,63.43175330207657,67.40283987685017,47.467573801638245,51.92394709363035,92.89099526066352,49.11080854367054,41.976476802183804,59.12423874705928,42.75859925409267,7.7094066741737475,38.42198867581945,48.887643751320375,53.89938891268455,65.1594513622454,52.51613450984954,52.73144346974346,92.96482412060305,57.52891319756855,47.780595647497776,61.658732765499956,49.54517372154875,6.834329733323553,44.27869696924574,47.32941371303826
GBR,74.54001071204988,48.6480104250277,36.18823443139662,47.968465321774666,68.76663107175811,58.89108498050986,68.76873843834444,70.35246255760369,80.19060946105076,75.19623233908948,77.33432920630987,66.36670132482939,72.55865373947881,72.03177267326897,37.522880738640836,47.477617318194426,70.4149879252441,56.274673689174854,70.5693283700574,68.45799394319131,81.34760090197678,72.71428571428572,82.33212729536258,66.98612400387948,78.47607694626485,65.40077140144072,12.499087570279492,47.657892254075385,72.1016664929094,62.96127741432329,72.2537250616861,74.32823344418739,70.40878135014385,40.61232765612327,83.17980512275645,66.78954397953947,72.77471302555698,55.88759094318722,36.73716827922571,51.16141473721074,68.18152627890049,60.877910660281294,72.57280247595384,74.63861965240642,70.10145435760826,42.564878797342665,81.81073807177474,67.8630139237418,74.9854017993401,65.25908938541762,49.25642434854213,55.02958579881657,84.8341232227488,59.06309734664223,51.59645725601385,65.86479491241545,54.577207025098026,7.372623156281801,57.24682713414036,50.94423349079753,58.548277684096064,62.17115986440842,52.90578417097693,55.25114155251141,80.90452261306534,67.90334129292684,53.10939383343882,63.41777966007543,58.94279225060678,6.2906272357861654,55.78820485070485,51.61882502879355
GHA,38.04022873715637,16.32317904263804,29.307747187125784,25.335854992216383,33.65358308257582,32.677359713937484,44.494262298391476,42.56568420378905,14.551365511255911,29.670329670329668,28.097307505520067,26.27727481175757,33.4473258388366,16.395676157915517,31.065803831572786,26.078150838851553,34.63323645940738,32.07996436274127,44.64144187007694,34.31847848788638,14.886878171970071,27.85714285714286,27.79837319543202,25.079459315177058,36.32570319846732,17.849996745582658,55.42894291975447,34.4690614108979,35.66585143575241,35.24014103997285,49.36754434953545,38.0822398544438,17.37031337701332,17.2242497972425,30.609293437386743,26.11170020616558,37.308355755012784,19.595071051620703,45.21141374618757,30.183252788256816,29.4467305779417,38.06276663625894,55.96271169022342,34.92676900305577,17.77828939497611,19.78049522952855,34.91778963278129,27.226498474878046,44.44793840781887,28.810202484505965,22.291567764152447,49.965193177862865,27.488151658767755,36.22171988744256,39.767113731440645,57.31007531409853,22.713835283504526,15.747849259500898,30.159481776344343,19.517986555307658,34.87293800081489,28.947048818557793,31.83121525553598,26.392550019446002,19.095477386934668,43.346593085984914,42.4510642972668,56.60816635387912,25.869878333676542,11.978281240441225,28.40487327148913,20.86679516451199
GRC,33.11720915901029,32.06469618064545,35.7687884991148,41.29114523602737,46.93663691621949,33.378989511723965,28.255895395159136,13.532546082949306,37.59664328075765,43.22344322344322,28.1101675878246,23.52197412049629,31.10575565903706,52.86316581213358,39.72561769018182,41.12982805255488,47.4977840943823,31.142071042508572,26.373889791265245,11.65831244778613,39.031802394382815,39.57142857142857,27.40490255931432,23.374622618754017,35.09154346309162,43.25123609096572,51.195649535092606,41.34697916619075,44.73742495573677,32.45306369638074,23.75314672603835,6.372767857142857,37.72942669443028,21.999188969991888,30.053489904656235,24.473780341408872,29.580887416522877,49.269930095941454,21.504549261416567,48.15215091427428,37.72756199507458,32.18787391170885,22.931829576174064,3.125,34.518543610613165,23.473992716860092,30.67621280837521,22.712317998674372,31.352835933096912,46.770334358957264,37.68677780592636,13.02514792899408,87.67772511848338,31.67799773456566,29.29543705459412,38.876454184698375,24.673995331842644,16.360851564647138,22.337922425613968,13.112667791973712,30.537289150961698,47.27137000237014,44.76669021074658,12.165996859830315,83.9195979899498,36.981667009699635,30.67312047352014,38.307410524559366,28.748223626939136,17.123213942398564,24.6332461576364,14.432305138115074
HUN,33.489782594474924,29.140953212884483,29.0479617869853,42.55358658679263,46.34663919464282,39.5787186379384,35.55323569358783,33.66787474398362,43.410095841285056,46.572475143903716,23.23417490989955,30.240171557905548,27.80069438631665,41.38279708070158,41.9463896669779,41.17309071034691,43.55116051078006,36.409126483559284,32.85698388169024,32.80375417710944,43.4618842409354,47.142857142857146,23.57072529866647,26.53961623696726,25.262132564585556,35.9036370335047,35.234582512983884,40.07090638176488,35.919958084783914,33.28017109467991,30.39363899000351,41.93101443512627,36.91197271924742,30.210867802108687,17.197389521679582,21.188933287212855,36.369130148133856,33.05148605416841,33.287301486747836,53.87253736016987,27.700640780561855,35.42202350004619,33.083318297121416,48.29213678478384,38.7803410118786,37.04372173319475,22.320257307352815,23.06696033777181,39.31200156785173,51.34024139022188,41.97950377258722,39.43612948137835,64.9289099526066,24.28213855557727,24.594038253280413,49.80586006558296,28.946053121765438,32.28542735854175,20.083538389144177,13.930797096772146,40.7928458326816,51.67089585885725,43.12180207188563,39.47827089005085,63.31658291457286,31.637432212798387,27.48646266863574,47.41110605754316,31.95799803766709,34.69181807433675,20.818257933349397,14.259651702989881
IND,37.72012646745461,20.089663496904183,40.651245334246774,21.777233790881933,38.65540363884284,42.344120989122345,44.69847309496149,49.51712909626216,9.498375343804181,84.14442700156985,36.63172017640616,34.13539507135566,38.90144674686135,30.05489538442845,37.914640354133624,22.1707382655974,39.8557805567457,40.95601628478439,44.06468685731545,45.775898078529664,9.189118085783619,86.85714285714286,38.440093131269606,34.987231505455455,48.86247525404007,33.77682420318228,34.22465534503746,21.437104541490157,44.91452571603053,51.525363800116224,50.58437388825225,59.805658979178716,17.9094182076377,47.141119221411195,47.03093966734941,47.592695417154786,47.36573760906382,31.73887708757764,44.28788902356047,28.98075799094649,43.05396292030247,51.79357334450446,54.303851617853354,56.76074232140408,16.939878409709035,54.45120462558335,47.36626081366822,47.97758193545216,49.5842949522082,49.45496579177243,5.951305025257399,47.277236338322304,32.227488151658754,47.47958492119772,57.25489066663465,52.03557513906929,34.544584268048396,4.336982982818933,44.63694075568303,34.90165181064042,43.756553986565244,49.683860601277225,9.748832148409544,41.533065410598795,31.155778894472352,45.721079311636196,49.689121098961756,44.33767611587353,38.41909670478549,4.2407650680077715,38.09406210320844,31.186229604317255
IRL,74.75004238038846,38.52046148645988,34.577159671029634,50.192414747748714,71.19143786407852,58.802518232312494,59.18413883815275,44.32447676651306,67.5437744678947,45.81371009942439,61.021459194768376,59.221445583514544,74.93310088438581,62.67928055691468,38.07480833698941,50.06018917830905,72.7455162350852,57.571904907063434,67.10994636268026,42.13646094402674,68.58715514189763,44.71428571428571,66.88103617515382,60.84649643023807,80.25893591262718,53.525763353488315,33.24508992872928,50.0046042132553,71.60647932654197,63.8702346250068,68.36286893061985,44.6062421679198,64.78938109331891,30.210867802108687,69.33592765134348,61.87751345063348,69.41987691239616,42.73706894649989,57.36921597078958,55.50869992504226,70.41890515875122,59.521544643814984,61.81542591804701,42.69779546433958,61.67298728556483,37.951207230976564,67.34675219150307,57.200085948341496,67.59388774906421,49.954976414660635,41.19633721803182,50.0,86.72985781990523,59.453093448090186,39.69990322863229,67.38450871778947,38.194882563626926,35.324790345233836,49.22684591774246,41.42742831192975,54.955592818382655,50.30340529977366,44.04127502509415,50.45662100456621,86.43216080402016,64.52114156307329,44.30364931340859,66.78187790017752,40.21357373025821,35.36176255604811,56.33699732404001,43.746316164421735
IRN,23.965652788125237,23.798299725974832,50.81142516723131,34.55509682051897,31.294152963390708,23.37409278642969,22.462535507187322,13.075996863799281,7.638722057830157,60.361067503924644,16.787322871260073,23.74693518289578,24.508341114654055,34.79490827407466,31.93064273902332,34.85584664613491,36.25716592225395,21.494176843679636,24.55716046542292,9.123720760233919,12.868582795871705,59.57142857142856,17.714166008283655,22.424276994680337,28.066597754693056,32.83567588198119,49.03468546794804,34.92420823752789,37.93069144778838,24.4265345057894,24.835085866575774,20.756428330441487,17.279562759591784,31.670721816707225,18.59279691835473,23.238771502267756,27.67648856799989,33.21573931050362,41.50803081116958,31.318763485239124,32.25265878912603,26.840271841407912,28.002161182866,20.857498812462048,18.366337809919433,33.976970452651365,23.771859794172222,27.0814116813982,31.724318179069094,35.849113799404456,23.407142804231977,40.60650887573965,60.18957345971562,31.058911552808176,44.82842412077197,32.02771631348517,16.8885157459952,47.62965481215542,15.616301974729689,13.629620163784189,27.217780675731305,33.8679431296716,30.16844597118765,56.45823430275269,62.81407035175882,32.44285598527296,36.554273990374,26.728332400514923,14.217372661567493,44.14777010592256,25.690155034667228,12.26628096058397
ISL,68.97632605570482,41.56828589431407,28.812151591362245,50.21663620029072,70.0330547066028,32.91577498676104,53.81110815772259,41.469014016897084,77.7508720881724,5.128205128205128,51.53591655705182,44.82190987609706,70.09928901256563,66.5688791431208,27.6410318990404,50.406568024993476,74.025964558111,32.52172421805112,57.25458422096737,41.113199665831246,80.49875805794672,0.0,53.48158023893318,50.10298827506964,77.11933733808992,63.733657055976984,21.13819537746124,50.75632828727218,74.40716052146061,38.54574207567808,61.033837638885785,53.18206875361481,69.1290811363712,1.38888888888889,57.25373843908327,58.46429135674585,74.01501211887012,52.55853925343441,49.52008659090064,56.574766068245644,70.7518394316595,38.65037728358394,62.618972978375076,51.79125561938062,69.06603134932689,7.064824915876652,58.329648541073574,55.10207305593631,68.96836048795731,51.54654283721874,61.3202195306503,55.02958579881657,91.94312796208528,61.04275464930072,40.25846987327666,67.57759001801502,43.51088655296181,11.921666613581735,55.53437677637021,37.04425002749687,52.06688713870099,48.89277389277389,68.95284830379902,54.337899543378995,90.95477386934674,71.80101358921273,42.54357088923838,66.53851983717202,43.97821139550122,11.46477232369493,58.46948134295695,40.263786176396174
ISR,48.081963004381585,30.527510874322413,33.5909493464076,45.62167811664654,53.98691532471024,29.292128566027177,45.094168115341546,60.69808467741936,63.15546984904511,44.50549450549451,54.78139457608057,80.61519823835094,45.580038555558026,51.46363437580065,34.24357935945462,46.567063173857385,56.792147324055776,31.210907739772264,50.276353366673334,58.54806286549708,62.27950359284849,39.57142857142857,61.947452057746176,81.08617322076381,59.40036039586492,52.463345918536284,26.638735545479364,48.07665510823683,62.394406513304055,44.29353474249331,58.88101452550695,71.27399327646037,60.78685976582312,21.999188969991888,66.82413630055618,83.2967954932266,60.505818410329404,47.66803295712233,46.876898206166096,54.12980933881877,61.30086799563913,45.647748592223564,65.19247960628266,75.52141179898533,65.89008160210868,23.828256417727548,70.50534838916158,84.21618159175361,61.147106813119684,58.449373138393106,42.994627899811896,100.0,91.46919431279622,58.376169998216454,47.757839488572365,61.55004426965738,38.637058622587816,14.924317573241268,65.06901764635894,56.222819677218304,48.53984467958913,57.557441323519456,47.62503190628308,50.45662100456621,91.45728643216086,66.23402839662863,46.98523218806294,58.75533788299149,43.905187967130644,15.334250461313715,68.29983546828059,59.437617344665
ITA,25.51654730682674,39.49689515973599,37.079523382606396,47.30876736961072,47.74510891911073,35.189341476084024,11.924940916853325,23.769601254480285,35.95825399662417,70.5913134484563,59.13726973509583,36.629801159357804,24.590314886814088,53.14249642044243,37.69890275387263,46.777672838421516,49.158943004379495,35.020083882829795,14.96148110161881,24.534904970760234,37.34486069915548,69.28571428571429,62.14706480882952,38.198162567616286,26.39777809174015,48.950019041572666,24.790087531881404,46.85569563209866,49.75215185567977,40.10064033612441,17.920130218568172,24.55647833526123,41.757390988421214,39.10178426601785,62.61132307329061,40.1993206140639,25.319891192709427,42.78984906283851,52.48403812654959,50.65992616604143,44.75543837831368,41.3357307783758,17.995151703581254,21.111818634796574,38.178289557558216,41.252204216519274,61.528198366637945,40.246685736713246,41.45679311563108,53.634829079446455,39.55386465952414,29.71632439958232,93.36492890995258,37.445139617431565,43.285779634675194,42.48570701946762,28.309298336633443,6.338666347505982,33.250421853948076,34.61410549042111,42.69356200078812,53.30558587558248,47.05419336048227,28.071748555954073,93.9698492462312,42.78091387707256,47.16418049906292,45.04624296168209,32.50121343737174,5.6594685803105635,34.09285201587031,38.25748587625416
JOR,52.475663617191174,25.278223387253586,24.460637253043686,44.12598041832902,52.97924572402793,41.85474056534345,46.170046361555926,48.439060099846394,33.1114696586194,20.460491889063313,45.077586910316384,36.16947524582992,45.395135513833964,37.60620153429798,25.803129183400266,42.896455538743474,50.06239863467115,40.287034030835386,44.88754956960708,46.637557435254806,30.965632541024117,26.428571428571423,43.36675225645814,36.10556315054533,51.598575620871685,43.87060091728929,31.637896798079538,43.67802840549583,48.53235970490573,43.28113558590001,43.18086341720814,53.550658497204545,34.377875693963595,12.814274128142744,46.519405478076884,37.08224296853815,45.51921650064622,36.371055129795735,28.83874602278387,49.00445492761787,38.859565819396884,39.202765867590045,40.45427151090209,51.445527511703986,41.88956747217583,16.50442561792923,43.510671242361845,32.79383047646292,49.749448364447,38.468978422973514,25.02334781471942,9.581447963800903,61.6113744075829,40.245023266175316,41.31373932582794,41.84361918321144,34.07240222994634,19.392950663325898,27.726319012318825,21.159423258238274,41.99723093803062,38.098809039685456,23.657061970014674,10.663973034873171,72.86432160804023,54.50246197655357,44.50574012764147,44.07612959893131,38.94480448840915,17.864594022323065,34.36352886048008,24.527586398541075
JPN,74.2790306630021,55.78061337243786,53.95751000957335,55.093023037999785,66.0829281711768,59.80690292856408,54.98413493843543,68.15048163082437,69.4481845978174,80.55991627420198,91.52336860670194,80.69329850610639,72.76880696384231,78.85211899345583,57.025485696286545,55.98510754828386,66.06040521183131,55.06309230154182,55.9046905867481,66.12801535087719,69.77197078659898,78.14285714285714,90.95634920634922,80.34165036483205,73.87810586530061,72.07236734883816,38.001119145409255,55.282328846439334,61.43304150706269,62.56484114958125,55.23597764723728,75.8289503807596,68.06413480744912,42.487834549878336,88.04974878250741,77.0324327785933,69.56598676361423,65.30722521359759,79.32642190274356,57.87403346527021,60.3425121246458,63.8823856342437,53.46845505779709,73.11607051037198,68.27041763035277,46.542642511507864,86.6472435973065,75.06168952759568,69.2298659770583,68.00923442437866,66.74463664068944,42.20936303515489,100.0,50.38153794983143,61.90320032729333,60.96592210625553,50.1487510921149,2.426647665726354,52.14791337601131,62.226959635685475,52.988702124271754,69.2921040318387,74.54115812160254,42.86907797127753,100.0,55.486241136793886,64.95268118690596,60.70327844177389,62.036296213382556,1.9597821312030836,51.17063957384079,64.12774391989029
KEN,34.33708114488091,18.28752909384182,19.900006275066257,35.28001044920833,41.812930423411366,43.49814863320218,48.05791429003436,57.67745135688684,25.467860100315647,25.824175824175825,43.490930477645456,39.13435321317095,25.914620706675887,28.558058386438834,23.35083611757956,32.80006765665401,39.02350303264937,38.949395040864665,42.227038885605104,49.88069131161237,25.593596462719983,24.142857142857142,39.98358830711772,36.15990611641839,30.031329942334867,27.089429152735075,34.01026165631136,32.32429722084369,39.451152573847615,40.912277917567046,42.531343467277814,51.08956284943127,29.1362810302578,10.4014598540146,42.40959142277601,42.24817486470664,32.210452071168994,24.798623396901224,26.66259787250049,32.99310730075584,35.42809846501121,39.84582934128164,45.38736337673973,46.6094888567315,24.985922004844376,13.621662122024516,45.34622538070919,41.19813076120189,45.562258275381204,35.99050539625495,3.2559652044795278,32.91942220675252,30.805687203791464,43.28864828840559,43.6102933797193,42.75513359560124,30.956155560295983,9.296155776122138,42.67732828129469,22.48787989113871,40.1577565008081,37.552888705026994,7.82194497899232,24.266453480834883,22.110552763819097,53.02809355607389,43.97884958660509,43.083135411256094,29.140770709310253,8.029652476208751,47.16922263035068,23.712253230290642
KOR,33.857372397828954,51.010571717237866,31.780920712062745,40.66884019275957,59.99676852353804,40.03665026436981,47.75810770067479,32.427635368663594,63.16006906555227,73.41705913134484,54.06325145153647,57.98260963285593,37.633234874748325,71.9460462256654,43.467637917637916,40.19469967107046,60.215203698206686,38.924608260362305,47.58898651263981,31.88015611946533,61.737669689449355,71.14285714285714,58.82962543991956,56.42903626777205,42.01422328064736,65.78498219516075,25.140398205673417,40.05475245919142,56.464770780317956,43.5020211932642,47.36254329806085,42.852413485637165,62.774517358028056,41.63625304136252,61.139665636369486,54.53258534923439,40.04661510984266,59.31676162514792,36.28380510926404,37.925692586654236,51.56517124985924,43.00265289099189,49.413083683496765,42.45008667802785,62.61087538951689,41.98070466096326,61.2693627999555,55.39281661002308,57.11898701374337,68.95844531024673,73.01544877642851,54.43786982248521,88.62559241706158,48.46066569062681,42.54716153591204,49.271221786383904,42.21261472052171,9.517145335759887,42.74085285935719,57.237225291907436,51.5409301279881,69.08446463806618,77.66835327221847,53.19634703196347,92.96482412060305,48.14852582074019,46.09441883437109,48.6141264990303,50.865308553084304,9.23361120549594,43.042847932329636,62.00572355897015
LBN,10.489041012697996,9.736918382167655,23.636639261639264,46.93410283998745,48.06006624450363,31.6838738101036,34.28200257899078,31.411610343061955,24.390190600516878,30.19361590790162,30.08596286072132,14.417546328876378,15.22343389379918,15.977752005844374,28.782757547463433,47.18860326694903,52.473603061840706,29.80365365149316,36.78452771101617,38.008302005012524,31.852526042005668,25.0,36.40439979410568,22.216236757486477,19.283760107422694,12.665228650001664,65.37486951032993,46.69542939953483,52.36734934158789,33.28389682745751,36.71234484388152,48.5574814439946,32.838613875752465,12.814274128142744,40.630917810684544,30.85237121600023,15.708777490667762,9.754229320369598,27.953012355942008,49.54927444892877,47.02063480199234,34.25265238359479,37.363562907347465,44.52617694805195,29.74949892908156,17.662860372427573,37.38115472168581,29.465735512451648,28.896971471122654,23.585025471692674,35.26947509146198,8.11956143404107,76.7772511848341,37.319419538110196,31.10858289254525,40.579258404607764,31.320268757448805,21.090784885246393,29.002504674842168,17.27771463424532,23.686795079920028,31.26969842130479,20.144100893569803,11.415525114155251,65.82914572864321,47.947280612813955,28.21755745618128,40.296457901035915,34.61115102714106,18.762766581848407,30.19840860923178,19.655975755354937
LTU,43.66193456093218,37.334927551891596,26.435390911158667,40.852253527253296,60.5678458380364,39.221639865956924,41.28306010183337,43.98473502304148,55.131231688344016,31.475667189952897,42.48225271775996,35.60749208039848,42.85747864858851,48.87128983743686,27.88081246554847,40.24846714468691,63.200756027022145,38.087191182160495,39.98495932882324,43.113186612364245,58.446438197380395,28.714285714285708,43.97407467260408,36.866845864495325,48.65570420897153,48.2729204595824,19.284263243143457,39.28709467615107,58.07830690188388,39.30063116466378,40.59523976241621,50.44532906786196,54.61563412384847,18.24817518248175,42.845981820373304,37.33037363980198,43.11067959088824,42.435956039596356,21.66160605693448,44.765837426433876,51.50165082725036,39.21016911784462,40.131377424127024,46.997642369885014,52.73360460406326,24.467835822534607,44.49327515302522,35.774907235587754,50.132471578220525,51.544879124325725,55.41798611727063,56.50887573964497,62.08530805687204,40.60667004244257,29.245363492063632,63.03599998075668,27.014147400497777,26.37016357541711,35.58368653587317,21.3036303376881,41.956050648508835,53.11158364473077,66.14873863153738,56.39269406392694,55.778894472361806,48.533066681283756,35.818166997877015,64.9687423827613,29.835393627476467,25.629450112183818,40.58703942850285,23.307269509122147
LUX,81.94048042157094,46.97069053345637,30.354454361412138,48.43148659979915,63.59495951215551,68.04240394231714,64.84380416401244,77.62320788530467,80.65363905059941,26.89691261119832,61.038257792484856,60.502133378980666,79.5872153235811,64.90394255636915,28.817768128398882,48.5015011199799,63.609185709032204,63.8061198204718,66.61750398587174,79.11138523391813,83.65339879489385,26.000000000000004,65.83695144724557,61.78881144616083,83.23499956049902,63.887024207394546,9.393923326684,47.58875808660253,55.92686003793919,69.34283980585866,67.52765175473571,78.37961791497975,84.0661629674901,21.684914841849153,70.55486920674548,61.03824796424852,78.55910846007355,56.404181588820876,33.09971200087341,54.18855698215583,52.650695472129094,65.32744011880736,69.6751461038412,76.38175243873773,85.2395915186345,39.43323748802403,69.69043411886085,61.757077479347174,73.65729377012806,68.26049882889633,55.809545479520224,52.9585798816568,89.5734597156398,52.253549715944665,55.527635172198494,69.67794003641276,46.003090326709554,51.7341923284008,44.4409182100959,49.44936147357037,57.34469744030806,65.14539856077235,56.845359156142564,54.10958904109589,82.91457286432164,64.89166205195252,59.27191631369529,70.90587406335182,51.82844402375788,51.69468617304333,46.79341435438996,53.0782266781695
LVA,47.75473051318426,31.415495369114282,25.229361947212233,43.338045834978104,57.82583516000032,44.10490572209169,48.90380930308643,52.64584933435739,51.84870350850968,20.98377812663526,33.07717007898168,24.130897963410284,45.906188247085545,45.52258462382928,29.716686072019165,42.18520427688746,55.98330568271992,42.3764242752228,46.80311657832922,48.66110588972431,53.027882271039644,19.0,33.87989597548421,23.201225896023402,42.46363553379553,41.98525811930051,15.980096356242116,42.15117151897853,53.161693013045415,39.44574034546266,39.88817212630308,46.93401171197224,45.58434480508129,12.206001622060018,35.68531593303399,24.862308503686467,35.12541754950116,35.06233900908687,29.643393170756873,48.478669039949736,46.63076882664473,37.53378364990432,36.777994055483425,40.56858123494153,42.369171019103966,17.53649601095653,35.85056460280075,20.242352662927004,42.30195505528398,49.75930130330663,54.63552563173776,54.43786982248521,62.08530805687204,36.684461319929056,39.257996882099846,57.83175448471056,34.289707499089964,19.893137290205434,32.46036822928419,14.382811928102889,37.05730032390987,51.59638325480286,56.42160527893797,55.47945205479452,,48.79772857083611,40.963213522233865,58.565266641164456,38.451569360785214,19.00944875457695,36.64364993633286,18.62787549098674
MEX,26.90989215110447,24.712693084249,31.75419960868617,38.74975458826694,32.45814706567883,35.53996566074233,40.32664613843124,40.1642105094726,29.13124387552929,71.87336473050757,36.08497313207458,27.133179273573365,22.827833890280182,36.00671761136745,33.78536344256578,38.72027863810742,33.33646346231721,35.02030674898638,40.817048705870086,42.972274436090224,32.66810483646269,70.71428571428572,39.25286995139936,27.762305827149827,23.897848390211653,32.99230549790433,20.48928938772325,38.50624439518734,32.76777535473491,39.109491576065594,41.55366164412795,54.10086213128976,36.80065008981615,40.49067315490673,41.370546317554435,27.39778402673553,20.330011569792138,28.771728092334975,36.49624956266093,36.872098104649275,24.730745800744035,41.11342260747954,39.488668949952135,50.67559891089303,35.576822649387154,43.11766750517814,42.25211049566912,27.88431891677526,40.33014350143777,46.415493461023296,23.484251260744372,63.01775147928994,71.09004739336488,34.00091852575418,39.85779013506695,48.10957549880357,23.50555393326923,10.173326053294058,36.36985275237155,21.638466451723257,40.630412294912496,43.945000116070936,28.891259477737595,61.63555305878455,65.32663316582918,40.72644211163598,42.80696908131342,49.98244821946741,27.040323376582357,9.722768191780228,38.10505847472311,24.592124581496833
MOR,48.1364410994222,31.45448151681613,30.651438128345518,36.97134479119006,31.579199762729708,44.36176881218937,47.65713602737518,43.01703309011776,28.4218589977466,39.900575614861324,27.802938808373593,21.554244251288587,43.1641455334606,46.6592101016561,31.174290298448696,35.96584611374694,28.67064458896751,36.75554206876583,40.295204539838,42.60175177527152,28.635692285996424,39.57142857142857,25.222745935981223,16.782084523208628,47.42063741552616,40.63549714039327,33.08308901326765,36.82571521481712,28.005223564803458,37.19824106864053,35.27848384810785,42.80019459706959,30.502092259698248,22.12084347120843,28.833031901236765,18.165209702411595,44.44925069759582,37.04213480521466,34.28265363535372,40.88436922028796,18.483918068088542,40.44700874568816,37.05945064511353,44.24286956915633,29.33835919129198,25.702675870036792,33.07551491489351,18.53913472023542,48.30241667747073,50.62759614915924,22.337854483004143,38.844413505046994,56.398104265402836,20.386943245377623,38.14081270330061,42.64563349833244,29.590415392540642,21.24220749685053,19.647158262022163,14.240171450992493,42.01093156515741,52.16912528517539,27.95154594130124,36.51023436037048,49.74874371859298,31.51000128150053,49.6671260203323,45.44470658893542,33.603334476806694,21.208379484797774,26.871949330028595,17.111275882280232
NGA,17.86058470603209,4.568969320573095,28.296979496895524,27.189748490122135,21.784081961259815,36.34051407958256,52.7499297863044,35.04396281362007,17.127855808626283,52.69492412349555,23.576936348675478,15.133581857719788,17.89954776493754,5.835622610673927,22.8699960908058,29.376121243568914,18.391730922325607,34.61504827885952,51.58198302082466,31.823830409356724,16.648993083121887,54.28571428571429,20.854685891450597,10.674499684931442,23.225305430500885,0.6467084170513265,30.822881929562737,37.89115265247053,19.559230897897148,34.58533129054821,49.37872672272529,33.7135055186042,19.64530220114006,24.604622871046235,21.198435710859645,14.514442381727227,18.46873963280201,0.10440016165042956,36.23523462578329,43.57682278029035,13.033501642574066,34.07196773275428,45.67170331268716,30.751670204795204,12.182597571867111,26.86957858568667,23.859261095137697,12.042380170458985,24.179968081357785,18.004749106056508,2.2303921568627447,58.221371388792214,19.90521327014216,20.80308512342028,37.79841206949513,44.29046639312842,13.692442411938579,33.50241660359746,33.37103040699452,14.502633773239584,19.97566612378202,19.316431114258464,10.6591449076419,41.90037883698486,9.547738693467334,23.787522193319294,41.66373880731004,45.798083211521266,14.720644100119452,33.02256367113591,37.6349988087793,16.33479395351736
NLD,76.6772303105658,57.48680593137651,42.5442479083314,51.54198732833091,83.31600967762492,63.081566399904425,51.93893621101919,60.692044290834616,73.1147677910014,64.99215070643642,80.46130768051059,67.74159486721064,72.10124177574339,82.98806122689031,42.38531647598798,51.717947460172425,84.55379140307542,58.5618964058492,57.362824955980074,61.257179406850454,73.88888562587394,63.71428571428571,82.06063109004286,68.30080576037388,81.32454324158721,74.40061480456868,18.3399361191907,52.00704149203936,81.57903192110803,65.40773326084398,60.66399547243231,63.34899749373433,69.24943283931853,40.906326034063255,83.35989981020407,71.26397422209894,78.11162435539629,65.20284678198529,44.23475259501207,57.82960235066576,82.69160246745689,68.04062457781467,66.53251714781722,66.71047855330943,71.86902218763392,46.20375396851297,84.45731205438746,74.99032769161909,75.07337161509214,75.00038085758302,53.807856283998525,52.071005917159766,88.15165876777252,65.84770045343326,57.059204869962855,70.65386853463669,45.33934584391424,54.347510370753255,60.08167721896665,57.651002013180005,59.657333908809235,77.61553554812492,58.09033748460071,52.73972602739726,85.42713567839199,75.60945497410032,65.1812915580459,69.90405162319443,52.69734814844149,54.125249458028456,63.57490409319678,62.950707678054265
NOR,81.71509332149644,35.241343612763814,55.3604517013826,50.52670457286987,74.61842509006755,50.66596781576475,56.310352378100994,81.15187371991807,75.99187387513368,44.76713762428048,71.14362198903261,59.7434070241952,81.83044913284128,58.835914481800465,47.63485502213355,51.36317480639237,77.99612419708777,48.43741053206864,60.61199737181917,80.66030962823726,76.28473565603512,43.42857142857143,73.35010115157174,62.972326587890095,87.99068558664466,49.12017331199332,27.065862816368746,51.72238502876626,76.29224588125078,52.615476373259405,62.18533178758599,82.40917799305957,73.44163991313984,25.02027575020276,75.13700548005824,64.39345483016682,81.1280493920495,43.357801580031555,44.97922451353351,57.958699414138664,73.06546130934703,50.14966660435703,59.125393293988786,80.03760791904175,72.80298687568158,26.14852217815458,74.5020536875573,63.6653638271635,70.87511175512073,46.86581041839582,59.210561946315806,57.98816568047337,91.94312796208528,60.67567484505722,46.586723452099775,61.11754875120034,42.67573741488889,18.246542871344147,51.49337178292875,42.89161241276637,59.03471691115524,47.10319121589181,62.880382725051774,54.5662100456621,85.42713567839199,69.7434457345475,47.55552530540687,59.72239756125207,47.80978950641739,16.910082530950948,53.89462121550537,46.639252427883996
NZL,92.13859926491672,38.26983380203543,31.31788825496839,53.22244330488723,74.28528784517896,61.37265123561401,64.81941041761917,85.70460509472606,64.29528345493385,32.993197278911566,53.430723418646124,50.88194774647976,86.74030705756296,63.12797434378362,34.44563126455401,52.99156224587032,76.020668845993,56.66207433010223,65.87587587587588,85.04895050125313,64.53044856532519,29.85714285714286,56.77734085087027,52.56350409395874,91.02012931134995,53.11794650658796,8.529098864960769,52.20513483077286,75.40561051929033,58.37655056329425,67.88319448096816,88.5688982070561,64.7024354145539,16.078669910786704,58.56205868731224,56.357947451799596,86.77386807734423,47.13026762407518,28.715994685321512,51.31607178744905,74.9890317522562,57.86904481711258,69.61965498936742,87.91746243952126,63.66205319347332,19.48581036442944,60.59948780532151,56.71110758433821,80.44899610513289,50.74671941163438,52.105643473195755,53.55029585798817,88.62559241706158,60.06303657614184,56.3906342664939,64.66397502613792,42.67111646721363,10.517155112628743,52.60633501141021,38.15723120681868,58.08772576578419,48.894992012539824,60.08377536273391,53.42465753424658,79.89949748743717,64.007659893306,65.17632613167493,59.7424717561407,48.206813628489215,10.280453408279106,53.479647328732696,39.43121831437376
POL,42.71606584766923,24.766439908862967,30.34096152168369,40.60496808601259,51.39943019775143,41.30907192263766,38.55476339004397,52.08033314132105,34.91819891452817,61.904761904761905,32.606852353229165,25.380761127066545,40.945843592745085,41.81694566637648,31.186440439629667,40.419297183950746,52.15458227944419,40.273007375476894,36.42507515128008,47.10761278195489,38.0484808461219,61.42857142857143,35.91167193373076,24.952145556818373,40.79951804237996,37.71184828580597,20.40879779762638,41.19119569897158,50.59779289470878,44.011079015735724,35.6684356732377,50.649068584923846,39.77107235863029,36.98296836982968,38.094151350490094,27.10335490271201,35.996198869145736,37.217773284177035,42.494893336727564,48.2791640082027,44.06472236581003,44.75070863812174,36.58581183651391,46.31523807075278,38.7908164069301,39.45400284833315,37.509424752120594,26.986572926469353,40.928146505257224,52.61243372388899,34.482483600226395,52.071005917159766,73.45971563981038,34.77425440844971,33.469307739502696,47.623840932429175,26.837570567160107,13.661016949152543,37.24462374267266,17.203208521932574,37.69765455527071,52.86385343498472,50.92405334207099,53.42465753424658,68.34170854271356,38.82073049494587,38.26395374169332,45.23895728675351,30.525921379241986,13.369713506139153,39.54704523683182,20.64502123395973
PRT,52.83817900235811,46.23172073299683,30.18071858282991,46.302725856805196,65.54224522033051,41.47412581608557,36.50855571535565,33.38553667434716,58.50877147299862,44.76713762428048,40.36808713741081,48.565648688801396,53.229087333110776,71.47928459024425,43.7318405273756,46.02422522611989,61.48045878075183,42.21247717021665,36.643183913333765,31.146616541353385,59.0631016193909,42.42857142857142,42.305067753597164,45.702390342287266,48.21186028500456,58.55280801621872,26.44599286011929,46.35917636762986,55.201019900791465,44.766521702552254,35.87914123215174,33.44543751204935,54.08083877498882,24.77696674776967,42.565577321408966,40.997799856068106,47.612668003585895,52.90033473617016,34.179206872885395,50.970882177364594,53.345569717541295,47.85133377305228,37.8873006996565,30.832967583886703,54.543385000545335,26.64127507626089,44.55347910798261,42.87333614321724,52.28480823135887,61.16203979178904,45.44298236036802,31.19561434041072,87.2037914691943,42.28141735910132,41.8265185596069,56.91562894942281,30.735472293476494,19.777613135726327,38.61791015843076,28.97235083146937,45.80612018838057,58.78407756895948,52.406942167917556,28.852109531423302,84.92462311557787,49.70209726627816,44.293223687219424,53.55361064592077,35.77814182600168,19.453633545863287,39.706979447833106,31.60215230594958
QAT,87.78264986477943,43.4749140853751,60.844870219870224,57.954489651488224,71.8921977313538,61.8784442499166,85.2422240977689,81.89012096774194,59.242491506987776,42.22919937205651,74.61964755141085,70.1917272656189,81.56078721482788,70.65985704050483,60.101260504201676,58.05000083779476,75.20130538963178,56.81837534091413,84.63541293938215,81.9046966374269,64.22998569222214,44.71428571428571,78.54760707701884,72.38087917623166,82.53025015299244,59.814580225624745,47.8770258818532,58.11970215822081,71.2063679012173,61.774520319545864,80.0493340645436,77.88094033159823,58.09780124088985,26.165855636658552,71.66689906142238,69.21444571495451,74.73113395696954,50.720562285339035,51.632715002373814,59.024779057927894,65.04147147323658,55.92847420067157,79.57130887100574,72.06369610781375,59.28619026171426,28.006570991707967,64.69180363074963,63.17091288732235,60.146170051080986,59.90565946696381,48.36800354105382,49.29081099895579,76.30331753554502,51.603379548246565,62.18113758119897,53.49634659916845,45.257492730498626,17.978744352007354,43.9069343896483,34.026408730534584,42.14898673656322,61.34414854271482,53.794606291809245,48.26498422712934,76.38190954773873,64.13925671830498,61.16036775688706,56.61935688636415,56.27057568654641,16.402732820576528,47.640762720793205,37.84144381796909
ROU,32.40072705648248,16.950525610406487,27.036741476520746,32.805736171242145,46.398663194035244,28.69021411825743,30.192376150224376,39.74142345110087,35.49522159712167,47.06959706959706,24.401112172851303,26.413771970422214,31.117702429278463,25.783227625499315,27.577151744231827,31.7654377330646,44.90088130175845,32.60670566975404,31.283074611345157,36.95371240601504,36.485289662397555,48.28571428571429,23.532545069309776,22.713115774973808,31.481914208150233,21.559146789917325,28.49996250710414,31.20424057178851,38.31702182795862,33.41929592606136,27.176992638653253,30.471430981299402,35.27148507268136,27.91970802919709,20.291355224671655,19.44477336510653,30.979935021406217,21.364008098963534,37.40732141656524,30.5728536052111,28.258147694353898,32.88432400330621,23.718096192840743,27.77681417846859,31.564810052165484,30.807423319400982,16.60292758848843,15.520487193529501,46.445738356104165,40.47766589082289,40.123802256615036,70.58823529411765,63.50710900473933,28.169682787062797,29.449218700787295,50.28549562057296,21.82490618491684,25.873383961551763,25.36578092902448,13.506112230502398,41.34080410175706,39.33032515844443,48.054792680454156,39.83946242599715,57.788944723618116,32.76221064904286,35.12584025875224,49.244861667897545,28.09592344642577,25.54147315572054,36.390644557565295,18.028768146809092
SAU,65.51831220954358,43.165171894206935,47.779864251793235,39.49213109120589,49.58679363420742,43.013363236016275,59.831796068950176,60.5341541858679,45.63866115229721,63.448456305599166,51.031768151333374,39.72943809397011,62.081417026914956,57.957386445337754,38.35953618395149,40.445830861111354,50.667574050018864,41.6970285686721,61.51322450937679,57.34890611946533,49.22116594063891,67.71428571428572,50.99427506045153,39.17341265858653,65.92818531123523,49.717572747052124,15.328367305947458,39.97774432876884,48.01059174587598,43.84866935326302,59.72129356902461,57.211508338153074,48.17409778793012,37.46958637469586,50.522442295515326,35.50986940125916,59.54683099185606,42.38245511295382,36.3346593809695,40.18500937685243,42.86503464485393,44.05533618610851,57.21377520410297,52.102454836829835,44.261811666298115,38.2126917489371,48.894158724426056,35.58432148581429,59.310137789495734,58.6158454554034,31.9546084006339,51.77514792899408,67.77251184834124,45.7033272172476,52.4502266019022,45.51959716994754,33.69240205629231,55.45762711864407,27.272635182445313,29.846712473268546,48.71717222012068,59.327869925885665,41.14844725043834,51.141552511415526,65.82914572864321,59.596439161759776,57.69571444392185,49.023884991177624,38.61500772328998,53.6493860845839,34.24361673218381,38.96569874059699
SEN,38.34157729544517,15.734461972346448,17.893692124738187,27.047931014419763,32.82975365529812,36.44096332386781,42.91732597786093,33.57430875576037,22.275538015531577,10.989010989010984,27.512182977158822,30.11981052128835,36.68732659953925,20.971230695697667,25.73749245347403,26.857338805220195,35.76090056153634,31.89610164736996,40.7794003440014,34.61864296157059,18.752361616303993,7.999999999999999,31.641704972587327,32.81527465097445,38.7703112980992,20.460494702560602,26.224533977878032,29.388114297354832,35.90591393554776,32.086741625854344,37.66823148389264,36.24287581935608,20.14812726065034,2.3621248986212504,30.630655695817968,30.086466062994607,33.90218735302815,17.661405379328865,23.075014015315247,36.283239048207925,28.91807432242872,33.26629394844022,35.363887932359376,32.94130654884331,19.217447835932724,8.438365911102213,26.464210130257836,28.29293806799191,41.16953430714935,26.766909233920387,6.646641892687919,8.32796728158719,27.488151658767755,31.565476190218973,36.147229124652874,45.31114434016285,24.573160186919445,15.854530356868002,23.100926348237667,11.318078944554138,31.47202007086925,30.4131278919893,16.23300342516984,4.051251026316926,28.140703517587923,40.397460705183704,40.381680801414475,44.12035559494027,20.254935886433657,10.338816206935231,26.23292005532859,11.964066227887697
SVK,28.48366190257939,24.08272960724726,32.55379100838554,51.77521930587392,44.264067518151,42.737368670988566,33.325284059374866,51.160474270353305,44.27925951481057,41.96755625327053,30.316221620569447,22.697555754206,28.171275108808032,36.045954530966455,44.033654693470424,51.35260425700605,44.148470657379725,43.42338185480967,30.75344197964692,51.68546365914787,48.810582760636684,39.85714285714285,34.80526826115061,22.841137783617487,31.104118660383218,34.41746539560269,22.49468862711208,43.47117833827061,40.53262936248986,43.047505910380586,31.110811237422688,58.72328055716214,52.2069628562893,25.679237631792372,36.702928710535204,23.852244370698745,30.299147327796646,32.539810705350504,44.564093770151324,53.88216093675986,32.619998919689934,44.582366467307445,32.88086929214623,57.21925745822806,49.577563644380284,33.56078685899984,38.93145563773275,23.386173824141643,40.95650572031608,50.66169288092158,45.423326912620915,51.18343195266272,70.14218009478674,35.09435250067516,29.96193062951186,53.28502860278497,29.665511319301295,33.79766310991318,33.515966742756035,17.187886470850877,41.781780838513136,48.653334310289516,50.821222809847626,53.881278538812786,65.82914572864321,38.27784460014191,30.70048774226672,53.828739446001755,34.03697799189121,33.97311503483319,36.472356967783796,17.878136007393078
SVN,39.25342010877825,33.9756330169645,31.948102216816228,48.876850774847135,58.414243004760245,31.633346182700745,23.328223462266525,10.788250448028673,46.112421923876276,29.434850863422284,34.831652736242106,31.22143079039631,39.51421679718225,46.77751559474171,34.800277440293385,48.49169083118271,61.082279105702014,31.536252786643768,24.26109726838767,12.769097222222223,46.09548106399569,24.285714285714285,37.83441667265197,35.17676851312949,45.74912534413729,44.577430309058556,34.400034960179234,48.4437988237671,60.60491283600142,36.78123710704522,25.899809279192702,28.07886603528051,45.352251555056405,17.883211678832115,41.08453245725051,38.10249167007909,41.322573537704315,40.530208601442176,49.02551471025648,60.027865087335336,54.491464248148944,38.7943502951732,25.63895517765816,31.666000972067145,46.21458524088052,25.102583257876308,45.29809941897068,37.3674689238964,51.04286657825188,51.5293465193796,43.147069815649935,52.071005917159766,81.5165876777251,44.59142969588007,45.028826953258736,41.229029288503384,27.092935733258127,26.795586349647017,38.79221574631778,26.204784498480315,44.433140735745056,49.36366942870637,48.90048176141799,52.96803652968037,77.88944723618094,51.32322276133942,47.991388777010116,40.781371339077204,32.477064468358165,27.471418620768308,39.819399350649356,28.320214953836
SWE,75.20610901918792,44.20920671116771,37.097042044258934,47.25538250859546,69.17006193208552,55.04091508669895,53.61060856396988,76.4588133640553,81.61654320953586,51.674515960230245,73.38244987701509,76.50740923893633,79.57443534659888,82.60454077465177,34.34130077733904,53.60772457899039,85.51022335723198,53.34075724009985,84.548723181773,76.83766708437761,80.30725484910405,52.57142857142857,89.96138284373578,85.24954821183974,87.39075362320459,60.71295345601074,17.453099708133113,46.881346390023154,72.92801110747605,63.91553959422197,53.775569371353576,80.8365264121843,74.276375651078,29.430251419302515,82.24024241290975,78.06417905718412,73.60290942736789,53.25647531168142,44.109091566337995,52.573366450562,71.7027570978773,61.488554830950896,55.34528232541132,78.22457873009344,74.8892954923526,30.91500245763848,82.86806440136371,78.28962391174282,70.01145286122363,63.6882671397595,64.79623426311923,54.43786982248521,89.09952606635072,65.01487595817596,51.33694505752504,69.04515443031192,54.2297747659134,24.923762465520916,60.47742037043218,62.81015904698651,57.62865831778405,60.45997055012316,70.70562606012477,53.881278538812786,88.9447236180905,73.11038556840623,56.22600446236472,63.429744507128845,58.46714588843304,27.734133549424577,63.03152202923545,64.51316785808545
TUR,40.129267821016974,31.04615665259762,26.25412752062224,44.06549916778635,42.650810891736484,41.105120328189855,42.12734589966981,48.37437596006144,39.53124294477614,62.401883830455255,42.742059559692414,29.94244526017925,36.911782892682126,44.715924197416804,28.93154340049273,44.19053607115076,39.340045960226114,39.98255791893848,39.56004014732245,43.86571898496241,36.76981369817323,62.999999999999986,35.6944594076947,26.628370495262605,38.626638667018206,40.21060003500584,29.43630260458314,42.80398204705269,37.36312305503393,42.37827581877212,35.54574118461641,43.25522339502602,34.61849344036867,36.08069748580698,33.479429865078956,26.635982503543637,35.789899869744694,33.67093050823716,38.00071496925223,16.666025120385196,31.06906834803534,40.94069971998275,36.572854457561746,40.793578357916594,35.03253022602207,37.07547151263883,33.162910495317576,25.763091330815254,40.779559406936,51.28529568825411,25.905413266693966,41.268273581622,73.45971563981038,21.986630168314075,36.19419508781788,45.311247784574775,20.64748610528754,6.5720820659240085,27.88672672145595,18.36768618544552,40.612409707401646,52.30296894329486,32.39098608193651,40.84597323653544,73.86934673366838,29.012044780359545,38.48031262269257,47.370010648317354,27.24529130258841,6.304672093366626,29.315181910456296,20.92972142670025
USA,58.0810432628254,47.653700204434685,40.97688688589599,39.709510045681036,72.23151181681126,53.06276763046474,68.53489351331885,79.84342997951869,69.04366796635837,96.15384615384616,83.23846488097696,79.60275299930471,57.627531293949474,71.07739559452085,43.219187675070025,40.260011977998204,74.00998597636531,57.71663084122797,71.32279215612549,81.70523966165413,69.62734125161526,94.28571428571428,84.11163482487012,79.5460699999883,65.15276216871898,74.89704098869464,15.846887089863518,40.50023324862691,71.98060691723487,60.201993749971045,71.52372262419058,86.45691753422017,67.86800089090413,50.64882400648824,85.6193438914027,80.49549361413803,69.8970652919618,68.15152555509634,44.78810564793204,39.81746504480262,77.61298938237886,68.17484517505233,76.85203275511357,90.08103875291376,70.93857890245003,71.02691890463161,88.81295384727547,85.75475404887257,75.93797541670764,69.69899705003397,48.949916961663234,54.441350504698924,73.93364928909952,74.28043668730304,62.113907559685046,73.36395588262859,61.50828392210052,1.9392559672583474,71.76987028803676,75.75092319936851,55.58484479341438,65.5534442189412,57.04292146074374,54.171888279100585,67.33668341708541,74.47510068177797,62.10647249309719,66.78761384329954,64.33494847895987,1.1333036053580827,70.41371075288758,73.76553330587569
VNM,28.737963030891148,20.134087682346824,34.09614910754546,28.939880115652198,32.892267895443936,39.54443220165174,43.23863191069474,33.05059523809524,15.227869311158605,55.52066980638409,18.56850878590009,23.022317532169748,28.55347122202119,40.3388443015964,32.10849209161576,28.57437712406036,35.553239135122986,38.157942347578896,42.28944163330554,31.78460474101922,18.05376427696915,56.42857142857143,21.676698029639205,23.734148899296347,32.84459754130041,28.06644933450419,29.856912752887943,26.047948400391867,34.114166076346166,36.2100624584503,38.70349971419573,42.78962128879891,24.16811047444537,36.4963503649635,23.42012926597105,25.265668334242996,31.29682608943198,23.477389951689737,36.18404379749636,28.068649882933162,25.53563315299932,33.94155484292282,40.32108935099964,43.44070604640457,19.179349428408056,42.4080880532094,24.15957231457856,25.122670053902965,39.027263712986766,37.71285440957084,22.505739603524873,22.406891750783153,65.40284360189575,23.693032630668625,35.96557252692935,47.6267542105634,21.204961614568145,49.66990797698091,24.157442445547996,14.000709721707803,34.434231742860185,41.32745271897082,45.23269562714087,17.873759416907944,63.31658291457286,32.01737396192652,41.0702663036217,50.96083272943748,28.05403328636479,51.5246456819978,29.85665996717826,21.643749074799583
ZAF,53.69415250972682,35.917494563927825,26.941416357803117,26.131748105455216,35.3659377021446,45.756395951218714,28.67938198251023,78.0704365079365,35.19108275491133,55.756148613291465,46.25726136897635,32.72037519574466,47.01352446359589,48.795837348488554,29.25890044772929,36.45659295508014,37.50952197417912,39.87110482822861,28.202258502987544,73.5766499582289,39.0231683182799,53.71428571428571,45.66253680959563,32.66220292440898,51.70560596449409,44.860012385098855,25.510992033267968,35.73172018232812,36.00669835091759,51.66621466435169,27.518697012562754,79.7953869047619,39.35665108021934,29.916869424168695,49.96242717540892,37.54612868526598,33.82763538831219,32.84387436640202,33.07658125986218,34.63196077366164,25.8565891562107,43.06771893022783,26.006613010660512,54.65171317652935,33.26268145625739,31.179983802419624,49.07477848154221,37.41223950407123,49.87646939054852,47.348951553287904,27.860362935149322,51.203880960668286,8.05687203791467,34.64522565650742,41.45763274139773,38.617587229051416,53.97930765694633,29.221985214538897,42.961656623429725,27.030011661170974,55.37492151147199,46.31657894077708,32.57166819057274,44.256226322688455,19.597989949748744,35.050612576465085,43.289073929360335,35.679868478038436,58.31795387473834,9.495796488212342,45.40045221828759,30.51820514616228
ZWE,28.294337280279663,11.723998375952885,8.722358722358722,49.11657669060406,28.68420354264274,31.09582433771631,30.056843645714935,21.733150921658982,10.959788782135105,0.0,4.759748102139409,7.709308886648789,24.98323688429564,8.914694077394778,10.702614379084967,45.61903392516669,29.958543206301727,27.210521089518537,28.64642697976031,14.367559523809524,7.686452852635851,6.000000000000001,3.7638888888888906,4.9360880851642746,27.282976053548918,10.918420878813457,59.73999174576971,38.445231063273695,28.673126508387895,27.013132575154554,31.901684266403493,19.124674667437823,6.671778891008918,0.7299270072992702,5.88293650793651,3.574610523994928,23.025442487303973,8.719756836409893,18.578222557766598,41.47863048441799,19.370105859954585,23.692094189910268,24.30905649654079,18.945455586080584,2.521403082678242,4.483942583044124,6.02586713697825,1.13211729685224,27.536191028577345,20.573648286736105,5.45196682627625,0.0,0.0,30.640806555866018,31.668869120496193,29.889998909778413,12.598083576781837,8.01347531867263,42.00681134471702,6.542856395177665,22.28844517850574,20.290286207532123,9.961089941148376,23.124900969419357,0.0,40.9049939794219,23.9855295678951,31.402570697419108,20.011155895825944,3.608669454766552,41.32643398268398,9.400226925698348
