PILAR,ARE,AUS,AUT,BEL,BGR,BRA,CAN,CHE,CHL,CHN,COL,CZE,DEU,DNK,EGY,ESP,EST,FIN,FRA,GBR,GHA,GRC,HUN,IND,IRL,IRN,ISL,ISR,ITA,JOR,JPN,KEN,KOR,LBN,LTU,LUX,LVA,MEX,MOR,NGA,NLD,NOR,NZL,POL,PRT,QAT,ROU,SAU,SEN,SVK,SVN,SWE,TUR,USA,VNM,ZAF,ZWE
1-2014,83.51497206708967,67.6364311023121,67.29634497209537,66.25658978150517,27.16491888566541,28.824544079263386,75.24165955292608,81.2450880714995,62.414254025898934,47.51241226321338,26.411462866154963,38.208707392697285,69.38598311876555,69.12679999302371,23.65334268779463,38.88042835458619,66.86571676041173,91.00642804211122,55.85483870833414,74.54001071204988,38.04022873715637,33.11720915901029,33.489782594474924,37.72012646745461,74.75004238038846,23.965652788125237,68.97632605570482,48.081963004381585,25.51654730682674,52.475663617191174,74.2790306630021,34.33708114488091,33.857372397828954,10.489041012697996,43.66193456093218,81.94048042157094,47.75473051318426,26.90989215110447,48.1364410994222,17.86058470603209,76.6772303105658,81.71509332149644,92.13859926491672,42.71606584766923,52.83817900235811,87.78264986477943,32.40072705648248,65.51831220954358,38.34157729544517,28.48366190257939,39.25342010877825,75.20610901918792,40.129267821016974,58.0810432628254,28.737963030891148,53.69415250972682,28.294337280279663
2-2014,59.514997224819815,39.79035491168118,48.87210616359578,45.8833337066926,23.710606366717727,14.594307776186948,44.12310882081789,70.9528528904322,32.60515857084057,32.38183851818267,13.326356914156953,30.032243108505295,60.4476843164082,44.50436754346876,16.689127355463487,52.54946766774624,39.06983762328426,53.37481868076843,56.65812147428454,48.6480104250277,16.32317904263804,32.06469618064545,29.140953212884483,20.089663496904183,38.52046148645988,23.798299725974832,41.56828589431407,30.527510874322413,39.49689515973599,25.278223387253586,55.78061337243786,18.28752909384182,51.010571717237866,9.736918382167655,37.334927551891596,46.97069053345637,31.415495369114282,24.712693084249,31.45448151681613,4.568969320573095,57.48680593137651,35.241343612763814,38.26983380203543,24.766439908862967,46.23172073299683,43.4749140853751,16.950525610406487,43.165171894206935,15.734461972346448,24.08272960724726,33.9756330169645,44.20920671116771,31.04615665259762,47.653700204434685,20.134087682346824,35.917494563927825,11.723998375952885
3-2014,47.293588047666745,36.51603875722158,40.649919544173386,37.79901858356753,23.500662437802553,32.415841370375915,41.314640097629535,41.393804294476084,30.082006908422454,44.993202288667746,28.11782739445887,32.344388446235854,33.7277501855237,37.12799203442198,23.094280497411496,31.709898891700718,31.75360563886236,36.41229359619475,37.59203257943661,36.18823443139662,29.307747187125784,35.7687884991148,29.0479617869853,40.651245334246774,34.577159671029634,50.81142516723131,28.812151591362245,33.5909493464076,37.079523382606396,24.460637253043686,53.95751000957335,19.900006275066257,31.780920712062745,23.636639261639264,26.435390911158667,30.354454361412138,25.229361947212233,31.75419960868617,30.651438128345518,28.296979496895524,42.5442479083314,55.3604517013826,31.31788825496839,30.34096152168369,30.18071858282991,60.844870219870224,27.036741476520746,47.779864251793235,17.893692124738187,32.55379100838554,31.948102216816228,37.097042044258934,26.25412752062224,40.97688688589599,34.09614910754546,26.941416357803117,8.722358722358722
4-2014,52.98396035865926,49.026741174360396,49.866607475453115,52.09808309159046,40.366733768703305,45.297366987557666,49.157614095716376,53.109614086078246,41.316357466531215,34.079215168225566,40.66620465767962,43.18885649274397,46.96517189434412,49.17775176799671,41.73030127001327,47.195884514886465,45.47858625353414,56.21907632664517,45.7771352744085,47.968465321774666,25.335854992216383,41.29114523602737,42.55358658679263,21.777233790881933,50.192414747748714,34.55509682051897,50.21663620029072,45.62167811664654,47.30876736961072,44.12598041832902,55.093023037999785,35.28001044920833,40.66884019275957,46.93410283998745,40.852253527253296,48.43148659979915,43.338045834978104,38.74975458826694,36.97134479119006,27.189748490122135,51.54198732833091,50.52670457286987,53.22244330488723,40.60496808601259,46.302725856805196,57.954489651488224,32.805736171242145,39.49213109120589,27.047931014419763,51.77521930587392,48.876850774847135,47.25538250859546,44.06549916778635,39.709510045681036,28.939880115652198,26.131748105455216,49.11657669060406
5-2014,74.43130890369676,73.216797872424,66.32121938859689,80.74950928784867,38.847430204735105,38.242612926304915,71.9175639595331,85.25637325637325,52.644739460982656,46.66705327844166,38.89557793822766,53.760178485223854,69.9502056473472,72.54807866060135,10.378427128427127,58.68009386929532,66.23013505114231,87.30916818779795,64.71125370898511,68.76663107175811,33.65358308257582,46.93663691621949,46.34663919464282,38.65540363884284,71.19143786407852,31.294152963390708,70.0330547066028,53.98691532471024,47.74510891911073,52.97924572402793,66.0829281711768,41.812930423411366,59.99676852353804,48.06006624450363,60.5678458380364,63.59495951215551,57.82583516000032,32.45814706567883,31.579199762729708,21.784081961259815,83.31600967762492,74.61842509006755,74.28528784517896,51.39943019775143,65.54224522033051,71.8921977313538,46.398663194035244,49.58679363420742,32.82975365529812,44.264067518151,58.414243004760245,69.17006193208552,42.650810891736484,72.23151181681126,32.892267895443936,35.3659377021446,28.68420354264274
6-2014,69.43595269404442,47.40037619972781,57.62320013934878,59.88634942239083,29.988960792078046,43.9906244977492,46.47375746224245,57.776798481180776,46.613720289810786,53.18573980370171,37.40396463369196,47.9465387935854,57.19989164641815,47.83545140365713,23.584392838049876,44.84871810185735,55.18776598868813,54.23625026469436,46.79751459819572,58.89108498050986,32.677359713937484,33.378989511723965,39.5787186379384,42.344120989122345,58.802518232312494,23.37409278642969,32.91577498676104,29.292128566027177,35.189341476084024,41.85474056534345,59.80690292856408,43.49814863320218,40.03665026436981,31.6838738101036,39.221639865956924,68.04240394231714,44.10490572209169,35.53996566074233,44.36176881218937,36.34051407958256,63.081566399904425,50.66596781576475,61.37265123561401,41.30907192263766,41.47412581608557,61.8784442499166,28.69021411825743,43.013363236016275,36.44096332386781,42.737368670988566,31.633346182700745,55.04091508669895,41.105120328189855,53.06276763046474,39.54443220165174,45.756395951218714,31.09582433771631
7-2014,79.63559501753531,41.29156230768019,42.20704558567005,39.0650214621447,30.491797968167386,32.69877019402144,64.94337758483715,83.44096529832352,57.916369877375004,56.17228402257107,41.8825333109534,44.533579305872436,54.17784808419374,55.11921275461038,33.59094545935322,31.180432840863553,57.981696245026015,48.81560170979034,36.76892823998906,68.76873843834444,44.494262298391476,28.255895395159136,35.55323569358783,44.69847309496149,59.18413883815275,22.462535507187322,53.81110815772259,45.094168115341546,11.924940916853325,46.170046361555926,54.98413493843543,48.05791429003436,47.75810770067479,34.28200257899078,41.28306010183337,64.84380416401244,48.90380930308643,40.32664613843124,47.65713602737518,52.7499297863044,51.93893621101919,56.310352378100994,64.81941041761917,38.55476339004397,36.50855571535565,85.2422240977689,30.192376150224376,59.831796068950176,42.91732597786093,33.325284059374866,23.328223462266525,53.61060856396988,42.12734589966981,68.53489351331885,43.23863191069474,28.67938198251023,30.056843645714935
8-2014,72.65941020225294,74.97711853558627,53.06271601382489,59.13762480798771,40.220094086021504,50.06992447516641,78.16432251664106,77.4508768561188,64.96555779569893,52.169858870967744,39.07010048643113,52.77253744239631,63.15280177931387,57.39879352278545,19.768505184331794,32.78825844854071,58.4218990015361,83.5596678187404,63.7310787890425,70.35246255760369,42.56568420378905,13.532546082949306,33.66787474398362,49.51712909626216,44.32447676651306,13.075996863799281,41.469014016897084,60.69808467741936,23.769601254480285,48.439060099846394,68.15048163082437,57.67745135688684,32.427635368663594,31.411610343061955,43.98473502304148,77.62320788530467,52.64584933435739,40.1642105094726,43.01703309011776,35.04396281362007,60.692044290834616,81.15187371991807,85.70460509472606,52.08033314132105,33.38553667434716,81.89012096774194,39.74142345110087,60.5341541858679,33.57430875576037,51.160474270353305,10.788250448028673,76.4588133640553,48.37437596006144,79.84342997951869,33.05059523809524,78.0704365079365,21.733150921658982
9-2014,65.77662619731858,65.38588774745652,59.91230890831251,66.24621567542044,34.68711126167641,35.2786373252765,59.57263056446111,76.08728506779808,46.415178393601146,26.174748157310937,27.226721491808185,47.03979361559037,63.16115868712926,76.42024592964181,16.39604240970312,51.775859829403664,57.642334781317906,74.09506309178629,64.45906987803218,80.19060946105076,14.551365511255911,37.59664328075765,43.410095841285056,9.498375343804181,67.5437744678947,7.638722057830157,77.7508720881724,63.15546984904511,35.95825399662417,33.1114696586194,69.4481845978174,25.467860100315647,63.16006906555227,24.390190600516878,55.131231688344016,80.65363905059941,51.84870350850968,29.13124387552929,28.4218589977466,17.127855808626283,73.1147677910014,75.99187387513368,64.29528345493385,34.91819891452817,58.50877147299862,59.242491506987776,35.49522159712167,45.63866115229721,22.275538015531577,44.27925951481057,46.112421923876276,81.61654320953586,39.53124294477614,69.04366796635837,15.227869311158605,35.19108275491133,10.959788782135105
10-2014,50.15698587127159,60.099424385138676,52.95656724228154,59.366823652537946,37.10099424385138,68.78597592883307,68.2888540031397,50.65410779696494,46.80795395081108,97.95918367346937,48.58712715855573,51.17739403453689,81.34484563055992,43.74672946101517,49.60753532182104,67.2684458398744,20.225013082155943,41.18262689691261,74.17582417582418,75.19623233908948,29.670329670329668,43.22344322344322,46.572475143903716,84.14442700156985,45.81371009942439,60.361067503924644,5.128205128205128,44.50549450549451,70.5913134484563,20.460491889063313,80.55991627420198,25.824175824175825,73.41705913134484,30.19361590790162,31.475667189952897,26.89691261119832,20.98377812663526,71.87336473050757,39.900575614861324,52.69492412349555,64.99215070643642,44.76713762428048,32.993197278911566,61.904761904761905,44.76713762428048,42.22919937205651,47.06959706959706,63.448456305599166,10.989010989010984,41.96755625327053,29.434850863422284,51.674515960230245,62.401883830455255,96.15384615384616,55.52066980638409,55.756148613291465,0.0
11-2014,72.78689227662659,51.58708653575803,76.86731098566848,69.58318955601564,18.815074597079427,42.17017606208427,59.3234490728452,89.24935214186422,38.05048894118942,44.386392816344504,33.576329288889674,45.87825452861685,84.9195412299277,71.54369773633059,22.983793469904583,44.81271099628588,39.16091680282503,71.83508028918658,63.05137986901272,77.33432920630987,28.097307505520067,28.1101675878246,23.23417490989955,36.63172017640616,61.021459194768376,16.787322871260073,51.53591655705182,54.78139457608057,59.13726973509583,45.077586910316384,91.52336860670194,43.490930477645456,54.06325145153647,30.08596286072132,42.48225271775996,61.038257792484856,33.07717007898168,36.08497313207458,27.802938808373593,23.576936348675478,80.46130768051059,71.14362198903261,53.430723418646124,32.606852353229165,40.36808713741081,74.61964755141085,24.401112172851303,51.031768151333374,27.512182977158822,30.316221620569447,34.831652736242106,73.38244987701509,42.742059559692414,83.23846488097696,18.56850878590009,46.25726136897635,4.759748102139409
12-2014,56.9201256147069,50.77814760573381,57.36509838480281,63.62687212194601,16.540742360939408,27.296561867990437,54.71301456276826,85.7460909185047,33.49887255305975,43.67884668623585,24.597055535479182,36.51105468593153,75.87258053267905,63.14886948877096,9.306933957180265,36.71215233530505,40.962423366364256,87.81672488815346,58.425137311836814,66.36670132482939,26.27727481175757,23.52197412049629,30.240171557905548,34.13539507135566,59.221445583514544,23.74693518289578,44.82190987609706,80.61519823835094,36.629801159357804,36.16947524582992,80.69329850610639,39.13435321317095,57.98260963285593,14.417546328876378,35.60749208039848,60.502133378980666,24.130897963410284,27.133179273573365,21.554244251288587,15.133581857719788,67.74159486721064,59.7434070241952,50.88194774647976,25.380761127066545,48.565648688801396,70.1917272656189,26.413771970422214,39.72943809397011,30.11981052128835,22.697555754206,31.22143079039631,76.50740923893633,29.94244526017925,79.60275299930471,23.022317532169748,32.72037519574466,7.709308886648789
1-2015,80.62008923574457,68.3699136895154,67.16271161988749,64.68128371297057,25.626460037325014,20.26058083795666,72.70597731982993,74.64502369300179,55.19333688599213,40.871220379379984,22.97349354760556,43.249311726881885,66.11403311394697,71.08432681955598,24.24455005009353,39.216721581204425,64.49882868188911,87.25185436617697,55.9926461677625,72.55865373947881,33.4473258388366,31.10575565903706,27.80069438631665,38.90144674686135,74.93310088438581,24.508341114654055,70.09928901256563,45.580038555558026,24.590314886814088,45.395135513833964,72.76880696384231,25.914620706675887,37.633234874748325,15.22343389379918,42.85747864858851,79.5872153235811,45.906188247085545,22.827833890280182,43.1641455334606,17.89954776493754,72.10124177574339,81.83044913284128,86.74030705756296,40.945843592745085,53.229087333110776,81.56078721482788,31.117702429278463,62.081417026914956,36.68732659953925,28.171275108808032,39.51421679718225,79.57443534659888,36.911782892682126,57.627531293949474,28.55347122202119,47.01352446359589,24.98323688429564
2-2015,88.83094917645317,61.29569991538036,69.72519996006926,70.2752049030664,33.18337366565984,22.117034797092632,65.26443058955124,68.22088059602308,52.25741524571364,47.39654358118777,29.70604092313603,48.04598852445861,77.84852245635577,68.95252873886596,32.889266041022715,72.89517213776173,50.288242062472875,72.86987821419116,76.60634732208379,72.03177267326897,16.395676157915517,52.86316581213358,41.38279708070158,30.05489538442845,62.67928055691468,34.79490827407466,66.5688791431208,51.46363437580065,53.14249642044243,37.60620153429798,78.85211899345583,28.558058386438834,71.9460462256654,15.977752005844374,48.87128983743686,64.90394255636915,45.52258462382928,36.00671761136745,46.6592101016561,5.835622610673927,82.98806122689031,58.835914481800465,63.12797434378362,41.81694566637648,71.47928459024425,70.65985704050483,25.783227625499315,57.957386445337754,20.971230695697667,36.045954530966455,46.77751559474171,82.60454077465177,44.715924197416804,71.07739559452085,40.3388443015964,48.795837348488554,8.914694077394778
3-2015,37.71558075360343,38.10780306098343,43.032668489082376,41.69021745244282,33.23972360028349,33.596000247488554,43.25379177775528,54.37308430735078,32.67958599102291,45.666393163691176,30.31420640545375,34.75583285523044,35.03275285624683,33.22179135141573,27.827706484200107,45.288355101076576,25.388665303512926,38.22122664326775,39.90251411809703,37.522880738640836,31.065803831572786,39.72561769018182,41.9463896669779,37.914640354133624,38.07480833698941,31.93064273902332,27.6410318990404,34.24357935945462,37.69890275387263,25.803129183400266,57.025485696286545,23.35083611757956,43.467637917637916,28.782757547463433,27.88081246554847,28.817768128398882,29.716686072019165,33.78536344256578,31.174290298448696,22.8699960908058,42.38531647598798,47.63485502213355,34.44563126455401,31.186440439629667,43.7318405273756,60.101260504201676,27.577151744231827,38.35953618395149,25.73749245347403,44.033654693470424,34.800277440293385,34.34130077733904,28.93154340049273,43.219187675070025,32.10849209161576,29.25890044772929,10.702614379084967
4-2015,52.941960723193894,49.75800339306846,49.407327118764286,51.95887129331049,39.72837874300723,44.564769300128326,49.45801551130752,47.147586112454974,40.091239676258205,33.351981242904955,40.17262667586468,37.277060850970614,47.26037607213924,49.11634846032564,41.81523290815091,46.95743450854895,45.39956610642373,56.1464734738456,45.39439574415784,47.477617318194426,26.078150838851553,41.12982805255488,41.17309071034691,22.1707382655974,50.06018917830905,34.85584664613491,50.406568024993476,46.567063173857385,46.777672838421516,42.896455538743474,55.98510754828386,32.80006765665401,40.19469967107046,47.18860326694903,40.24846714468691,48.5015011199799,42.18520427688746,38.72027863810742,35.96584611374694,29.376121243568914,51.717947460172425,51.36317480639237,52.99156224587032,40.419297183950746,46.02422522611989,58.05000083779476,31.7654377330646,40.445830861111354,26.857338805220195,51.35260425700605,48.49169083118271,53.60772457899039,44.19053607115076,40.260011977998204,28.57437712406036,36.45659295508014,45.61903392516669
5-2015,67.25719020348869,78.1781380537628,66.96997849776751,81.73501347478637,39.433769833862065,29.41900436903096,72.47132906386726,72.12511947674118,50.864485363013415,44.65201749344129,36.13075413590916,55.81895608138933,71.55040787306544,76.40642434710239,10.718756296291712,55.364405520722855,67.2781680088956,84.23940600427,66.10495777117318,70.4149879252441,34.63323645940738,47.4977840943823,43.55116051078006,39.8557805567457,72.7455162350852,36.25716592225395,74.025964558111,56.792147324055776,49.158943004379495,50.06239863467115,66.06040521183131,39.02350303264937,60.215203698206686,52.473603061840706,63.200756027022145,63.609185709032204,55.98330568271992,33.33646346231721,28.67064458896751,18.391730922325607,84.55379140307542,77.99612419708777,76.020668845993,52.15458227944419,61.48045878075183,75.20130538963178,44.90088130175845,50.667574050018864,35.76090056153634,44.148470657379725,61.082279105702014,85.51022335723198,39.340045960226114,74.00998597636531,35.553239135122986,37.50952197417912,29.958543206301727
6-2015,65.6187857640319,46.19318613931249,54.58990516185441,54.43576789262375,27.55537929494781,38.54762256209479,43.21928560549393,52.35335729467359,42.59312761469926,46.04017415172326,34.73071189299863,51.40641543775496,53.54274173533414,47.215925966856126,25.381699526044866,40.84247836694067,52.4713045905876,48.3820208525395,46.00702179213741,56.274673689174854,32.07996436274127,31.142071042508572,36.409126483559284,40.95601628478439,57.571904907063434,21.494176843679636,32.52172421805112,31.210907739772264,35.020083882829795,40.287034030835386,55.06309230154182,38.949395040864665,38.924608260362305,29.80365365149316,38.087191182160495,63.8061198204718,42.3764242752228,35.02030674898638,36.75554206876583,34.61504827885952,58.5618964058492,48.43741053206864,56.66207433010223,40.273007375476894,42.21247717021665,56.81837534091413,32.60670566975404,41.6970285686721,31.89610164736996,43.42338185480967,31.536252786643768,53.34075724009985,39.98255791893848,57.71663084122797,38.157942347578896,39.87110482822861,27.210521089518537
7-2015,79.88720873593292,47.49025528794666,42.22027013440541,46.43917172673755,28.979336676785035,26.641642247150553,66.91812815547121,53.887327202434534,55.52430361462358,54.015140438793736,39.767539017235244,49.49845416026056,55.94964842230942,57.37681237681238,33.04036372282626,32.43585262216286,56.43659214943136,47.67140463778779,39.337362759800996,70.5693283700574,44.64144187007694,26.373889791265245,32.85698388169024,44.06468685731545,67.10994636268026,24.55716046542292,57.25458422096737,50.276353366673334,14.96148110161881,44.88754956960708,55.9046905867481,42.227038885605104,47.58898651263981,36.78452771101617,39.98495932882324,66.61750398587174,46.80311657832922,40.817048705870086,40.295204539838,51.58198302082466,57.362824955980074,60.61199737181917,65.87587587587588,36.42507515128008,36.643183913333765,84.63541293938215,31.283074611345157,61.51322450937679,40.7794003440014,30.75344197964692,24.26109726838767,84.548723181773,39.56004014732245,71.32279215612549,42.28944163330554,28.202258502987544,28.64642697976031
8-2015,70.27144684628237,73.95428675856307,52.064732142857146,59.07398705096074,37.23364400584795,45.91596177944862,81.52901785714286,72.4766342940685,62.9984466374269,48.21271929824562,48.46928519214704,58.273091583124476,64.57289055973266,58.29280231829574,22.9985119047619,35.69659826649959,58.71854114452799,83.11135912698413,61.57470499164578,68.45799394319131,34.31847848788638,11.65831244778613,32.80375417710944,45.775898078529664,42.13646094402674,9.123720760233919,41.113199665831246,58.54806286549708,24.534904970760234,46.637557435254806,66.12801535087719,49.88069131161237,31.88015611946533,38.008302005012524,43.113186612364245,79.11138523391813,48.66110588972431,42.972274436090224,42.60175177527152,31.823830409356724,61.257179406850454,80.66030962823726,85.04895050125313,47.10761278195489,31.146616541353385,81.9046966374269,36.95371240601504,57.34890611946533,34.61864296157059,51.68546365914787,12.769097222222223,76.83766708437761,43.86571898496241,81.70523966165413,31.78460474101922,73.5766499582289,14.367559523809524
9-2015,67.34127479814286,62.90966250751882,59.309315051618945,68.26123529076797,37.59613862385783,36.34466058142783,62.72245106394944,84.73676600057772,48.28211017601601,28.14351390486248,29.036410605136656,54.22964338971516,65.98588305194171,78.93693370107167,14.986146568687264,52.99007462441284,60.91491825238859,76.2640290573767,66.65909541896049,81.34760090197678,14.886878171970071,39.031802394382815,43.4618842409354,9.189118085783619,68.58715514189763,12.868582795871705,80.49875805794672,62.27950359284849,37.34486069915548,30.965632541024117,69.77197078659898,25.593596462719983,61.737669689449355,31.852526042005668,58.446438197380395,83.65339879489385,53.027882271039644,32.66810483646269,28.635692285996424,16.648993083121887,73.88888562587394,76.28473565603512,64.53044856532519,38.0484808461219,59.0631016193909,64.22998569222214,36.485289662397555,49.22116594063891,18.752361616303993,48.810582760636684,46.09548106399569,80.30725484910405,36.76981369817323,69.62734125161526,18.05376427696915,39.0231683182799,7.686452852635851
10-2015,60.28571428571429,56.71428571428571,48.71428571428571,57.857142857142854,34.57142857142857,68.0,65.85714285714285,48.28571428571429,46.857142857142854,100.0,47.0,49.57142857142857,81.85714285714286,41.42857142857143,52.85714285714285,65.85714285714285,17.000000000000004,38.57142857142857,72.71428571428572,72.71428571428572,27.85714285714286,39.57142857142857,47.142857142857146,86.85714285714286,44.71428571428571,59.57142857142856,0.0,39.57142857142857,69.28571428571429,26.428571428571423,78.14285714285714,24.142857142857142,71.14285714285714,25.0,28.714285714285708,26.000000000000004,19.0,70.71428571428572,39.57142857142857,54.28571428571429,63.71428571428571,43.42857142857143,29.85714285714286,61.42857142857143,42.42857142857142,44.71428571428571,48.28571428571429,67.71428571428572,7.999999999999999,39.85714285714285,24.285714285714285,52.57142857142857,62.999999999999986,94.28571428571428,56.42857142857143,53.71428571428571,6.000000000000001
11-2015,74.48159220953339,52.935861524096815,78.25362709186238,74.44806555100672,21.701019296607534,35.85446144269674,62.89699897052838,77.20766297972179,37.14198328904211,43.525204098733504,35.08487754075989,47.8724771960066,88.43963226316167,75.77170868347338,24.50980691421868,48.43574780339486,39.86224233283056,70.10727752639518,67.17878689937513,82.33212729536258,27.79837319543202,27.40490255931432,23.57072529866647,38.440093131269606,66.88103617515382,17.714166008283655,53.48158023893318,61.947452057746176,62.14706480882952,43.36675225645814,90.95634920634922,39.98358830711772,58.82962543991956,36.40439979410568,43.97407467260408,65.83695144724557,33.87989597548421,39.25286995139936,25.222745935981223,20.854685891450597,82.06063109004286,73.35010115157174,56.77734085087027,35.91167193373076,42.305067753597164,78.54760707701884,23.532545069309776,50.99427506045153,31.641704972587327,34.80526826115061,37.83441667265197,89.96138284373578,35.6944594076947,84.11163482487012,21.676698029639205,45.66253680959563,3.7638888888888906
12-2015,56.32588747572708,52.797548530154536,58.210933594512554,63.904642137097376,19.11927027831783,20.53537492139854,55.01076691296697,77.0887236168395,29.54991917460679,42.24276810770537,22.5203658236017,37.335227977828445,75.27332803619232,62.530632947322296,9.69561584883856,35.51743380212139,42.4235375210374,84.53994500446863,60.78445870711631,66.98612400387948,25.079459315177058,23.374622618754017,26.53961623696726,34.987231505455455,60.84649643023807,22.424276994680337,50.10298827506964,81.08617322076381,38.198162567616286,36.10556315054533,80.34165036483205,36.15990611641839,56.42903626777205,22.216236757486477,36.866845864495325,61.78881144616083,23.201225896023402,27.762305827149827,16.782084523208628,10.674499684931442,68.30080576037388,62.972326587890095,52.56350409395874,24.952145556818373,45.702390342287266,72.38087917623166,22.713115774973808,39.17341265858653,32.81527465097445,22.841137783617487,35.17676851312949,85.24954821183974,26.628370495262605,79.5460699999883,23.734148899296347,32.66220292440898,4.9360880851642746
1-2016,86.07041952994163,71.62475933599744,71.53418372767787,68.22472370641134,30.09388084503287,22.4531009103458,75.2741510948106,87.07736904244655,54.32427092924919,46.322219207949296,24.92434961536512,48.17001350177276,69.1285846121409,74.6104408539753,26.317198601375193,46.7419979659677,70.04532897702369,92.94695469528591,62.01081771357858,78.47607694626485,36.32570319846732,35.09154346309162,25.262132564585556,48.86247525404007,80.25893591262718,28.066597754693056,77.11933733808992,59.40036039586492,26.39777809174015,51.598575620871685,73.87810586530061,30.031329942334867,42.01422328064736,19.283760107422694,48.65570420897153,83.23499956049902,42.46363553379553,23.897848390211653,47.42063741552616,23.225305430500885,81.32454324158721,87.99068558664466,91.02012931134995,40.79951804237996,48.21186028500456,82.53025015299244,31.481914208150233,65.92818531123523,38.7703112980992,31.104118660383218,45.74912534413729,87.39075362320459,38.626638667018206,65.15276216871898,32.84459754130041,51.70560596449409,27.282976053548918
2-2016,79.47930510595012,55.24365520237364,63.632690403346814,60.057196527466964,32.245809763934446,21.89006326453784,57.92496708359123,72.57210547552171,44.009469399945516,47.43370547653858,21.600278338620043,44.30679178884566,68.00840577591407,63.00740986241889,24.083064815969195,62.75586241456449,52.47024768643673,65.12056179616594,69.64314382638139,65.40077140144072,17.849996745582658,43.25123609096572,35.9036370335047,33.77682420318228,53.525763353488315,32.83567588198119,63.733657055976984,52.463345918536284,48.950019041572666,43.87060091728929,72.07236734883816,27.089429152735075,65.78498219516075,12.665228650001664,48.2729204595824,63.887024207394546,41.98525811930051,32.99230549790433,40.63549714039327,0.6467084170513265,74.40061480456868,49.12017331199332,53.11794650658796,37.71184828580597,58.55280801621872,59.814580225624745,21.559146789917325,49.717572747052124,20.460494702560602,34.41746539560269,44.577430309058556,60.71295345601074,40.21060003500584,74.89704098869464,28.06644933450419,44.860012385098855,10.918420878813457
3-2016,22.465345283677692,14.01865620090149,20.657145001006278,22.327177116364755,27.08958241332266,34.33956037770662,17.57543725612187,22.999541739414372,17.278790186251232,30.67333521885468,23.969016188966307,17.61763576695786,14.105853426746586,15.573874576586423,42.832035658009794,31.478082876896703,11.34086426212107,17.343120834787744,18.634235648933323,12.499087570279492,55.42894291975447,51.195649535092606,35.234582512983884,34.22465534503746,33.24508992872928,49.03468546794804,21.13819537746124,26.638735545479364,24.790087531881404,31.637896798079538,38.001119145409255,34.01026165631136,25.140398205673417,65.37486951032993,19.284263243143457,9.393923326684,15.980096356242116,20.48928938772325,33.08308901326765,30.822881929562737,18.3399361191907,27.065862816368746,8.529098864960769,20.40879779762638,26.44599286011929,47.8770258818532,28.49996250710414,15.328367305947458,26.224533977878032,22.49468862711208,34.400034960179234,17.453099708133113,29.43630260458314,15.846887089863518,29.856912752887943,25.510992033267968,59.73999174576971
4-2016,53.146334963905566,49.94761895613291,49.432796505748755,51.92492532505589,39.339495343877886,37.13648388640599,49.29631350419072,53.8370867596339,40.82935033289963,33.99928751856978,29.27916339639738,44.06148408156125,47.063851895640674,49.42825454486922,47.452781805674576,47.475753129819175,46.19388608373952,56.136108100847636,45.49593793087558,47.657892254075385,34.4690614108979,41.34697916619075,40.07090638176488,21.437104541490157,50.0046042132553,34.92420823752789,50.75632828727218,48.07665510823683,46.85569563209866,43.67802840549583,55.282328846439334,32.32429722084369,40.05475245919142,46.69542939953483,39.28709467615107,47.58875808660253,42.15117151897853,38.50624439518734,36.82571521481712,37.89115265247053,52.00704149203936,51.72238502876626,52.20513483077286,41.19119569897158,46.35917636762986,58.11970215822081,31.20424057178851,39.97774432876884,29.388114297354832,43.47117833827061,48.4437988237671,46.881346390023154,42.80398204705269,40.50023324862691,26.047948400391867,35.73172018232812,38.445231063273695
5-2016,65.37585968160386,76.20339849326291,67.18093630154748,88.2220248089001,39.67813610256702,29.49717128097086,70.65611454239465,83.17156707768328,49.83245571582934,47.3353360854831,36.596122310475266,55.65162584388244,68.79788938544452,77.1758838036823,9.121424375185944,54.50521702781806,66.79719259859856,84.58042869081977,65.29381204562593,72.1016664929094,35.66585143575241,44.73742495573677,35.919958084783914,44.91452571603053,71.60647932654197,37.93069144778838,74.40716052146061,62.394406513304055,49.75215185567977,48.53235970490573,61.43304150706269,39.451152573847615,56.464770780317956,52.36734934158789,58.07830690188388,55.92686003793919,53.161693013045415,32.76777535473491,28.005223564803458,19.559230897897148,81.57903192110803,76.29224588125078,75.40561051929033,50.59779289470878,55.201019900791465,71.2063679012173,38.31702182795862,48.01059174587598,35.90591393554776,40.53262936248986,60.60491283600142,72.92801110747605,37.36312305503393,71.98060691723487,34.114166076346166,36.00669835091759,28.673126508387895
6-2016,70.4459316452747,49.803193227110846,59.09239430615143,62.62723491479253,31.214370922870778,38.709469247166446,48.01846669799751,62.509559002902165,45.32713579018399,52.790189013788584,37.30018992922467,53.65882679454204,58.28720122503089,51.91940298174805,25.073606883231964,44.453026790720145,57.379043180459,56.70145655377204,50.514282466429414,62.96127741432329,35.24014103997285,32.45306369638074,33.28017109467991,51.525363800116224,63.8702346250068,24.4265345057894,38.54574207567808,44.29353474249331,40.10064033612441,43.28113558590001,62.56484114958125,40.912277917567046,43.5020211932642,33.28389682745751,39.30063116466378,69.34283980585866,39.44574034546266,39.109491576065594,37.19824106864053,34.58533129054821,65.40773326084398,52.615476373259405,58.37655056329425,44.011079015735724,44.766521702552254,61.774520319545864,33.41929592606136,43.84866935326302,32.086741625854344,43.047505910380586,36.78123710704522,63.91553959422197,42.37827581877212,60.201993749971045,36.2100624584503,51.66621466435169,27.013132575154554
7-2016,80.32506376092634,50.94302615428815,41.48094424524024,49.15724718547759,33.113210396166416,25.319581562686764,65.45657505109811,86.5634394952698,56.1413436416655,53.35362744909962,37.56773325432682,49.44030928215917,57.72800374533293,62.706514002013705,30.98984699486578,36.99743997633861,56.591911557964984,48.16486424346143,38.71859427725864,72.2537250616861,49.36754434953545,23.75314672603835,30.39363899000351,50.58437388825225,68.36286893061985,24.835085866575774,61.033837638885785,58.88101452550695,17.920130218568172,43.18086341720814,55.23597764723728,42.531343467277814,47.36254329806085,36.71234484388152,40.59523976241621,67.52765175473571,39.88817212630308,41.55366164412795,35.27848384810785,49.37872672272529,60.66399547243231,62.18533178758599,67.88319448096816,35.6684356732377,35.87914123215174,80.0493340645436,27.176992638653253,59.72129356902461,37.66823148389264,31.110811237422688,25.899809279192702,53.775569371353576,35.54574118461641,71.52372262419058,38.70349971419573,27.518697012562754,31.901684266403493
8-2016,72.80026990553307,77.66918799402352,64.44377168883747,69.6080194476576,47.649562608444185,36.68130663196452,76.48615227973781,84.40349672257567,70.03742830634278,54.27740023134759,56.45708321283979,64.75749168594564,71.71207767013688,62.800315090611136,33.691922112974744,45.70243216213611,67.4932674233661,86.0579182330827,65.2634892519761,74.32823344418739,38.0822398544438,6.372767857142857,41.93101443512627,59.805658979178716,44.6062421679198,20.756428330441487,53.18206875361481,71.27399327646037,24.55647833526123,53.550658497204545,75.8289503807596,51.08956284943127,42.852413485637165,48.5574814439946,50.44532906786196,78.37961791497975,46.93401171197224,54.10086213128976,42.80019459706959,33.7135055186042,63.34899749373433,82.40917799305957,88.5688982070561,50.649068584923846,33.44543751204935,77.88094033159823,30.471430981299402,57.211508338153074,36.24287581935608,58.72328055716214,28.07886603528051,80.8365264121843,43.25522339502602,86.45691753422017,42.78962128879891,79.7953869047619,19.124674667437823
9-2016,62.8185283015848,60.209832320779206,56.93030055748072,63.758782960263765,42.01393898604035,35.76175873391982,60.51761777083916,74.81297402479296,45.95391115206936,33.26362836510582,27.554246855582363,54.669608534809925,65.09816035163512,71.39514479185478,17.884489544222284,52.14143378295414,61.17622710522096,72.98854899951861,62.41970327593828,70.40878135014385,17.37031337701332,37.72942669443028,36.91197271924742,17.9094182076377,64.78938109331891,17.279562759591784,69.1290811363712,60.78685976582312,41.757390988421214,34.377875693963595,68.06413480744912,29.1362810302578,62.774517358028056,32.838613875752465,54.61563412384847,84.0661629674901,45.58434480508129,36.80065008981615,30.502092259698248,19.64530220114006,69.24943283931853,73.44163991313984,64.7024354145539,39.77107235863029,54.08083877498882,58.09780124088985,35.27148507268136,48.17409778793012,20.14812726065034,52.2069628562893,45.352251555056405,74.276375651078,34.61849344036867,67.86800089090413,24.16811047444537,39.35665108021934,6.671778891008918
10-2016,36.618004866180044,30.160178426601785,29.308596918085968,36.37469586374696,21.390916463909164,35.30008110300081,37.46958637469586,32.20802919708029,72.22222222222223,56.2043795620438,24.239659367396598,31.843065693430656,47.800081103000814,24.655312246553123,26.115166261151664,37.46958637469586,11.96269261962693,21.877534468775345,40.61232765612327,40.61232765612327,17.2242497972425,21.999188969991888,30.210867802108687,47.141119221411195,30.210867802108687,31.670721816707225,1.38888888888889,21.999188969991888,39.10178426601785,12.814274128142744,42.487834549878336,10.4014598540146,41.63625304136252,12.814274128142744,18.24817518248175,21.684914841849153,12.206001622060018,40.49067315490673,22.12084347120843,24.604622871046235,40.906326034063255,25.02027575020276,16.078669910786704,36.98296836982968,24.77696674776967,26.165855636658552,27.91970802919709,37.46958637469586,2.3621248986212504,25.679237631792372,17.883211678832115,29.430251419302515,36.08069748580698,50.64882400648824,36.4963503649635,29.916869424168695,0.7299270072992702
11-2016,73.82090134904537,56.05196024770061,80.82273130295442,76.01851294599773,27.92275154977995,34.24088026015003,60.59666775640407,89.61712654410424,36.58163082503854,47.408178685562056,36.95091537941437,48.756959252902455,86.37422738031258,76.63911075777202,26.63335960673689,51.53322852866464,41.72429148494057,70.0280049095972,72.47349151862336,83.17980512275645,30.609293437386743,30.053489904656235,17.197389521679582,47.03093966734941,69.33592765134348,18.59279691835473,57.25373843908327,66.82413630055618,62.61132307329061,46.519405478076884,88.04974878250741,42.40959142277601,61.139665636369486,40.630917810684544,42.845981820373304,70.55486920674548,35.68531593303399,41.370546317554435,28.833031901236765,21.198435710859645,83.35989981020407,75.13700548005824,58.56205868731224,38.094151350490094,42.565577321408966,71.66689906142238,20.291355224671655,50.522442295515326,30.630655695817968,36.702928710535204,41.08453245725051,82.24024241290975,33.479429865078956,85.6193438914027,23.42012926597105,49.96242717540892,5.88293650793651
12-2016,61.946937679519415,54.206193365014876,61.7399058404025,64.15685946206254,27.68733702022334,17.59175218213044,55.99621749878164,86.79416470801509,26.80019590753251,46.49421662852216,23.26227540344783,35.83101914300151,77.40107298651165,62.96354027803625,9.94258958286911,35.06119026888201,43.486271814258984,83.0242723207351,61.33092292702248,66.78954397953947,26.11170020616558,24.473780341408872,21.188933287212855,47.592695417154786,61.87751345063348,23.238771502267756,58.46429135674585,83.2967954932266,40.1993206140639,37.08224296853815,77.0324327785933,42.24817486470664,54.53258534923439,30.85237121600023,37.33037363980198,61.03824796424852,24.862308503686467,27.39778402673553,18.165209702411595,14.514442381727227,71.26397422209894,64.39345483016682,56.357947451799596,27.10335490271201,40.997799856068106,69.21444571495451,19.44477336510653,35.50986940125916,30.086466062994607,23.852244370698745,38.10249167007909,78.06417905718412,26.635982503543637,80.49549361413803,25.265668334242996,37.54612868526598,3.574610523994928
1-2017,83.46250467971242,68.67060710895366,65.13518821864983,60.05478098428566,27.084194912995013,23.195930831787003,71.6994697573963,83.49176238278321,50.9874643987352,50.05229317864854,20.097164128809787,45.30746627796045,68.22184306004722,69.78719937695352,33.880428453400015,43.679103700263724,65.15091640110256,88.72116774671711,57.234636123248016,72.77471302555698,37.308355755012784,29.580887416522877,36.369130148133856,47.36573760906382,69.41987691239616,27.67648856799989,74.01501211887012,60.505818410329404,25.319891192709427,45.51921650064622,69.56598676361423,32.210452071168994,40.04661510984266,15.708777490667762,43.11067959088824,78.55910846007355,35.12541754950116,20.330011569792138,44.44925069759582,18.46873963280201,78.11162435539629,81.1280493920495,86.77386807734423,35.996198869145736,47.612668003585895,74.73113395696954,30.979935021406217,59.54683099185606,33.90218735302815,30.299147327796646,41.322573537704315,73.60290942736789,35.789899869744694,69.8970652919618,31.29682608943198,33.82763538831219,23.025442487303973
2-2017,66.46796563811763,43.80801172736253,57.26017726522621,49.94434584154869,28.910170522068174,20.420957953275952,52.98334169494937,63.990930719285124,39.74406375874906,41.27138150153738,19.52595378189024,35.47570063664136,58.58650565072134,53.1844963851183,29.85412689043683,55.09138198177599,48.68748025294409,54.5609572815959,61.47635773610596,55.88759094318722,19.595071051620703,49.269930095941454,33.05148605416841,31.73887708757764,42.73706894649989,33.21573931050362,52.55853925343441,47.66803295712233,42.78984906283851,36.371055129795735,65.30722521359759,24.798623396901224,59.31676162514792,9.754229320369598,42.435956039596356,56.404181588820876,35.06233900908687,28.771728092334975,37.04213480521466,0.10440016165042956,65.20284678198529,43.357801580031555,47.13026762407518,37.217773284177035,52.90033473617016,50.720562285339035,21.364008098963534,42.38245511295382,17.661405379328865,32.539810705350504,40.530208601442176,53.25647531168142,33.67093050823716,68.15152555509634,23.477389951689737,32.84387436640202,8.719756836409893
3-2017,37.90245668847513,38.63594981535926,44.85185314764493,44.9681899632464,30.936285298271308,39.891755370959444,43.54604909548269,62.256107305621526,35.43722267550176,51.42161904780666,40.6806333907613,30.441365294059857,37.60353232703018,41.38866110119033,33.222606274333636,49.50637436370713,26.143122731682222,39.03149779686407,41.48774226087378,36.73716827922571,45.21141374618757,21.504549261416567,33.287301486747836,44.28788902356047,57.36921597078958,41.50803081116958,49.52008659090064,46.876898206166096,52.48403812654959,28.83874602278387,79.32642190274356,26.66259787250049,36.28380510926404,27.953012355942008,21.66160605693448,33.09971200087341,29.643393170756873,36.49624956266093,34.28265363535372,36.23523462578329,44.23475259501207,44.97922451353351,28.715994685321512,42.494893336727564,34.179206872885395,51.632715002373814,37.40732141656524,36.3346593809695,23.075014015315247,44.564093770151324,49.02551471025648,44.109091566337995,38.00071496925223,44.78810564793204,36.18404379749636,33.07658125986218,18.578222557766598
4-2017,57.78415410168312,55.56855396734379,53.75369157905176,56.4254165405339,33.1350853762237,34.54662315634393,55.69718382984432,59.512966885738514,49.41886466976187,29.90262298793124,32.45460965080048,61.86845992748086,47.02293516745365,54.30903120222631,44.19527789027592,51.1817594270075,53.411582568215564,61.72581656996367,50.951138181526474,51.16141473721074,30.183252788256816,48.15215091427428,53.87253736016987,28.98075799094649,55.50869992504226,31.318763485239124,56.574766068245644,54.12980933881877,50.65992616604143,49.00445492761787,57.87403346527021,32.99310730075584,37.925692586654236,49.54927444892877,44.765837426433876,54.18855698215583,48.478669039949736,36.872098104649275,40.88436922028796,43.57682278029035,57.82960235066576,57.958699414138664,51.31607178744905,48.2791640082027,50.970882177364594,59.024779057927894,30.5728536052111,40.18500937685243,36.283239048207925,53.88216093675986,60.027865087335336,52.573366450562,16.666025120385196,39.81746504480262,28.068649882933162,34.63196077366164,41.47863048441799
5-2017,67.34702880119167,73.56495551388922,60.51912041117545,76.71707942259295,29.630249392778513,22.059149575961495,72.33458565345374,85.13140844262868,45.740174748261424,45.66324630396615,31.09094005088867,53.001842268426415,68.71218541982432,75.96520228753963,8.915030374708481,50.4663900170836,65.21318922411797,85.1070700123702,60.42556197144374,68.18152627890049,29.4467305779417,37.72756199507458,27.700640780561855,43.05396292030247,70.41890515875122,32.25265878912603,70.7518394316595,61.30086799563913,44.75543837831368,38.859565819396884,60.3425121246458,35.42809846501121,51.56517124985924,47.02063480199234,51.50165082725036,52.650695472129094,46.63076882664473,24.730745800744035,18.483918068088542,13.033501642574066,82.69160246745689,73.06546130934703,74.9890317522562,44.06472236581003,53.345569717541295,65.04147147323658,28.258147694353898,42.86503464485393,28.91807432242872,32.619998919689934,54.491464248148944,71.7027570978773,31.06906834803534,77.61298938237886,25.53563315299932,25.8565891562107,19.370105859954585
6-2017,67.11597069763484,51.12350743455704,59.05647171515871,61.15295520445853,32.068438955636545,39.38999444269157,49.61193964159492,64.96116989294576,47.69584464146837,53.80643112274367,33.72900680074058,53.52584568862187,67.46314805900728,54.14060986829858,26.944614978703942,46.54867299823841,57.93949798597404,59.28561408586214,50.28586172203702,60.877910660281294,38.06276663625894,32.18787391170885,35.42202350004619,51.79357334450446,59.521544643814984,26.840271841407912,38.65037728358394,45.647748592223564,41.3357307783758,39.202765867590045,63.8823856342437,39.84582934128164,43.00265289099189,34.25265238359479,39.21016911784462,65.32744011880736,37.53378364990432,41.11342260747954,40.44700874568816,34.07196773275428,68.04062457781467,50.14966660435703,57.86904481711258,44.75070863812174,47.85133377305228,55.92847420067157,32.88432400330621,44.05533618610851,33.26629394844022,44.582366467307445,38.7943502951732,61.488554830950896,40.94069971998275,68.17484517505233,33.94155484292282,43.06771893022783,23.692094189910268
7-2017,81.68717867397032,51.33717358188639,39.82044274786605,49.269655652226255,27.511970950776746,26.177647675548112,70.7132046852922,88.4316191970949,57.5138141242235,55.687699196620855,34.44802051181046,50.71092218446584,67.14598577692976,59.70530959519473,35.292273334917304,35.78926780033552,57.69144120439738,48.48294554955415,36.10814176872498,72.57280247595384,55.96271169022342,22.931829576174064,33.083318297121416,54.303851617853354,61.81542591804701,28.002161182866,62.618972978375076,65.19247960628266,17.995151703581254,40.45427151090209,53.46845505779709,45.38736337673973,49.413083683496765,37.363562907347465,40.131377424127024,69.6751461038412,36.777994055483425,39.488668949952135,37.05945064511353,45.67170331268716,66.53251714781722,59.125393293988786,69.61965498936742,36.58581183651391,37.8873006996565,79.57130887100574,23.718096192840743,57.21377520410297,35.363887932359376,32.88086929214623,25.63895517765816,55.34528232541132,36.572854457561746,76.85203275511357,40.32108935099964,26.006613010660512,24.30905649654079
8-2017,72.91267096873715,77.39518906338759,63.162506917102505,68.03581987865076,43.414286387631975,35.49982186930716,79.48680302540596,83.35764113337643,72.62480932058138,55.408962973301215,51.15693283432254,63.8398381642867,76.10260603367222,64.68957360041918,44.15723981900452,45.69571666079019,67.14497206225147,87.53270014299426,60.85155041037394,74.63861965240642,34.92676900305577,3.125,48.29213678478384,56.76074232140408,42.69779546433958,20.857498812462048,51.79125561938062,75.52141179898533,21.111818634796574,51.445527511703986,73.11607051037198,46.6094888567315,42.45008667802785,44.52617694805195,46.997642369885014,76.38175243873773,40.56858123494153,50.67559891089303,44.24286956915633,30.751670204795204,66.71047855330943,80.03760791904175,87.91746243952126,46.31523807075278,30.832967583886703,72.06369610781375,27.77681417846859,52.102454836829835,32.94130654884331,57.21925745822806,31.666000972067145,78.22457873009344,40.793578357916594,90.08103875291376,43.44070604640457,54.65171317652935,18.945455586080584
9-2017,67.47991693629957,62.12386528430237,57.26817096462937,61.37149257157442,38.586517154840166,34.4597871261697,61.11219507848501,74.7745468353664,45.772789180509754,34.31874046980801,25.61990101308015,51.860093575485905,66.19249875162616,71.00743777217221,18.65791863043308,49.48265931166272,60.487857780013066,72.58697796258888,60.68393066810041,70.10145435760826,17.77828939497611,34.518543610613165,38.7803410118786,16.939878409709035,61.67298728556483,18.366337809919433,69.06603134932689,65.89008160210868,38.178289557558216,41.88956747217583,68.27041763035277,24.985922004844376,62.61087538951689,29.74949892908156,52.73360460406326,85.2395915186345,42.369171019103966,35.576822649387154,29.33835919129198,12.182597571867111,71.86902218763392,72.80298687568158,63.66205319347332,38.7908164069301,54.543385000545335,59.28619026171426,31.564810052165484,44.261811666298115,19.217447835932724,49.577563644380284,46.21458524088052,74.8892954923526,35.03253022602207,70.93857890245003,19.179349428408056,33.26268145625739,2.521403082678242
10-2017,42.38831983712524,31.67352231107338,31.732447434808503,43.30481589025761,26.687167320907893,38.03455496164315,38.274325555022585,34.85203341306364,26.460448900414626,76.6628766344514,24.872647667370614,38.616012157955666,50.48665410165181,28.014102905802915,28.530249915561857,39.37098027082323,19.72813440504459,23.805242216305388,42.953616593470784,42.564878797342665,19.78049522952855,23.473992716860092,37.04372173319475,54.45120462558335,37.951207230976564,33.976970452651365,7.064824915876652,23.828256417727548,41.252204216519274,16.50442561792923,46.542642511507864,13.621662122024516,41.98070466096326,17.662860372427573,24.467835822534607,39.43323748802403,17.53649601095653,43.11766750517814,25.702675870036792,26.86957858568667,46.20375396851297,26.14852217815458,19.48581036442944,39.45400284833315,26.64127507626089,28.006570991707967,30.807423319400982,38.2126917489371,8.438365911102213,33.56078685899984,25.102583257876308,30.91500245763848,37.07547151263883,71.02691890463161,42.4080880532094,31.179983802419624,4.483942583044124
11-2017,72.73611508202909,58.462904211495484,82.17553336750545,76.39420001082574,28.14435688697583,37.94048916921445,62.42453998065096,91.39100917511206,41.69242939195006,49.335735147498006,36.762107795441736,52.07207107158206,84.1572257187016,76.11088711271968,26.79845200994139,52.23541886826211,44.12295164562008,69.4116843592605,71.28028919960553,81.81073807177474,34.91778963278129,30.67621280837521,22.320257307352815,47.36626081366822,67.34675219150307,23.771859794172222,58.329648541073574,70.50534838916158,61.528198366637945,43.510671242361845,86.6472435973065,45.34622538070919,61.2693627999555,37.38115472168581,44.49327515302522,69.69043411886085,35.85056460280075,42.25211049566912,33.07551491489351,23.859261095137697,84.45731205438746,74.5020536875573,60.59948780532151,37.509424752120594,44.55347910798261,64.69180363074963,16.60292758848843,48.894158724426056,26.464210130257836,38.93145563773275,45.29809941897068,82.86806440136371,33.162910495317576,88.81295384727547,24.15957231457856,49.07477848154221,6.02586713697825
12-2017,60.98519576973586,52.794232721983754,60.39436689359611,63.23795201562101,25.24563635564872,20.603025875520256,56.63621283683826,86.8313910899851,28.15558489778741,48.36239146628902,23.06443693662675,37.751111615869675,79.72824048418238,62.53969222372117,14.51745765887431,33.36474018331469,41.915837034604635,81.08010093528945,59.664893263924135,67.8630139237418,27.226498474878046,22.712317998674372,23.06696033777181,47.97758193545216,57.200085948341496,27.0814116813982,55.10207305593631,84.21618159175361,40.246685736713246,32.79383047646292,75.06168952759568,41.19813076120189,55.39281661002308,29.465735512451648,35.774907235587754,61.757077479347174,20.242352662927004,27.88431891677526,18.53913472023542,12.042380170458985,74.99032769161909,63.6653638271635,56.71110758433821,26.986572926469353,42.87333614321724,63.17091288732235,15.520487193529501,35.58432148581429,28.29293806799191,23.386173824141643,37.3674689238964,78.28962391174282,25.763091330815254,85.75475404887257,25.122670053902965,37.41223950407123,1.13211729685224
1-2018,68.96195185325028,69.85975592355119,66.12410434809628,63.645307882693906,37.763813645820065,43.6255171832316,71.25708823823867,74.25179744525933,55.403018169618456,49.97683136565797,43.39544638457093,48.48554612617415,67.0081838947644,70.75754593604762,37.73913972611666,54.196108696250256,63.372957575505815,82.48115103676659,63.43175330207657,74.9854017993401,44.44793840781887,31.352835933096912,39.31200156785173,49.5842949522082,67.59388774906421,31.724318179069094,68.96836048795731,61.147106813119684,41.45679311563108,49.749448364447,69.2298659770583,45.562258275381204,57.11898701374337,28.896971471122654,50.132471578220525,73.65729377012806,42.30195505528398,40.33014350143777,48.30241667747073,24.179968081357785,75.07337161509214,70.87511175512073,80.44899610513289,40.928146505257224,52.28480823135887,60.146170051080986,46.445738356104165,59.310137789495734,41.16953430714935,40.95650572031608,51.04286657825188,70.01145286122363,40.779559406936,75.93797541670764,39.027263712986766,49.87646939054852,27.536191028577345
2-2018,71.97924256885942,53.27653911214238,62.669739112063525,68.06852105289992,39.333730505317575,31.63385803187858,57.64857846382479,76.87618765896023,51.28063317159143,58.18841320669677,31.261818905645583,63.32979857610836,70.53284149466893,63.134701095230284,45.394010889790245,66.7089470843039,53.44410137633837,63.69875531134204,67.40283987685017,65.25908938541762,28.810202484505965,46.770334358957264,51.34024139022188,49.45496579177243,49.954976414660635,35.849113799404456,51.54654283721874,58.449373138393106,53.634829079446455,38.468978422973514,68.00923442437866,35.99050539625495,68.95844531024673,23.585025471692674,51.544879124325725,68.26049882889633,49.75930130330663,46.415493461023296,50.62759614915924,18.004749106056508,75.00038085758302,46.86581041839582,50.74671941163438,52.61243372388899,61.16203979178904,59.90565946696381,40.47766589082289,58.6158454554034,26.766909233920387,50.66169288092158,51.5293465193796,63.6882671397595,51.28529568825411,69.69899705003397,37.71285440957084,47.348951553287904,20.573648286736105
3-2018,73.03798911635138,51.498160286824465,49.561787559702225,43.277530285981285,42.54820117313269,29.213542798125598,43.679485102407725,56.932769662674914,38.356137149199824,42.77288406510968,26.314591838699954,42.56854750447946,49.441893673440426,62.6181014105406,19.369890531941984,48.855127832274604,58.36915221925857,57.90979718716371,47.467573801638245,49.25642434854213,22.291567764152447,37.68677780592636,41.97950377258722,5.951305025257399,41.19633721803182,23.407142804231977,61.3202195306503,42.994627899811896,39.55386465952414,25.02334781471942,66.74463664068944,3.2559652044795278,73.01544877642851,35.26947509146198,55.41798611727063,55.809545479520224,54.63552563173776,23.484251260744372,22.337854483004143,2.2303921568627447,53.807856283998525,59.210561946315806,52.105643473195755,34.482483600226395,45.44298236036802,48.36800354105382,40.123802256615036,31.9546084006339,6.646641892687919,45.423326912620915,43.147069815649935,64.79623426311923,25.905413266693966,48.949916961663234,22.505739603524873,27.860362935149322,5.45196682627625
4-2018,55.32544378698225,54.73372781065089,54.73372781065089,55.917159763313606,70.58823529411765,20.179690219282982,54.43786982248521,50.0,58.875739644970416,52.82544378698225,52.74973894883398,54.73372781065089,52.9585798816568,52.071005917159766,54.19117647058824,37.95683954054995,56.80473372781065,51.77514792899408,51.92394709363035,55.02958579881657,49.965193177862865,13.02514792899408,39.43612948137835,47.277236338322304,50.0,40.60650887573965,55.02958579881657,100.0,29.71632439958232,9.581447963800903,42.20936303515489,32.91942220675252,54.43786982248521,8.11956143404107,56.50887573964497,52.9585798816568,54.43786982248521,63.01775147928994,38.844413505046994,58.221371388792214,52.071005917159766,57.98816568047337,53.55029585798817,52.071005917159766,31.19561434041072,49.29081099895579,70.58823529411765,51.77514792899408,8.32796728158719,51.18343195266272,52.071005917159766,54.43786982248521,41.268273581622,54.441350504698924,22.406891750783153,51.203880960668286,0.0
5-2018,61.6113744075829,91.94312796208528,89.09952606635072,85.30805687203788,63.9810426540284,63.50710900473933,90.52132701421802,93.83886255924172,84.36018957345973,74.88151658767774,80.56872037914688,75.82938388625588,85.78199052132702,84.36018957345973,46.919431279620845,97.15639810426536,71.56398104265404,87.2037914691943,92.89099526066352,84.8341232227488,27.488151658767755,87.67772511848338,64.9289099526066,32.227488151658754,86.72985781990523,60.18957345971562,91.94312796208528,91.46919431279622,93.36492890995258,61.6113744075829,100.0,30.805687203791464,88.62559241706158,76.7772511848341,62.08530805687204,89.5734597156398,62.08530805687204,71.09004739336488,56.398104265402836,19.90521327014216,88.15165876777252,91.94312796208528,88.62559241706158,73.45971563981038,87.2037914691943,76.30331753554502,63.50710900473933,67.77251184834124,27.488151658767755,70.14218009478674,81.5165876777251,89.09952606635072,73.45971563981038,73.93364928909952,65.40284360189575,8.05687203791467,0.0
6-2018,56.66047420428585,62.41217381430264,53.41671830112897,54.582715669929314,28.975333628784615,32.4195031766542,61.162831163667164,72.18468294754801,43.383381477486864,43.21564364377846,35.68831495432033,45.54264127887771,64.33736415558286,64.67055734207327,23.759082185498077,37.76223853284276,49.01734679889656,70.19364073665162,49.11080854367054,59.06309734664223,36.22171988744256,31.67799773456566,24.28213855557727,47.47958492119772,59.453093448090186,31.058911552808176,61.04275464930072,58.376169998216454,37.445139617431565,40.245023266175316,50.38153794983143,43.28864828840559,48.46066569062681,37.319419538110196,40.60667004244257,52.253549715944665,36.684461319929056,34.00091852575418,20.386943245377623,20.80308512342028,65.84770045343326,60.67567484505722,60.06303657614184,34.77425440844971,42.28141735910132,51.603379548246565,28.169682787062797,45.7033272172476,31.565476190218973,35.09435250067516,44.59142969588007,65.01487595817596,21.986630168314075,74.28043668730304,23.693032630668625,34.64522565650742,30.640806555866018
7-2018,67.36570635335002,55.06890961411817,48.18530744516352,44.65470145823333,27.402284236674966,29.5804477847132,46.19974690916519,54.71222318065288,55.02098712618022,52.29748750664141,31.51282903361,36.911206198274165,57.41799392250462,48.32209194992003,48.515485512695605,39.67281433886765,49.942270591583636,53.44023311784098,41.976476802183804,51.59645725601385,39.767113731440645,29.29543705459412,24.594038253280413,57.25489066663465,39.69990322863229,44.82842412077197,40.25846987327666,47.757839488572365,43.285779634675194,41.31373932582794,61.90320032729333,43.6102933797193,42.54716153591204,31.10858289254525,29.245363492063632,55.527635172198494,39.257996882099846,39.85779013506695,38.14081270330061,37.79841206949513,57.059204869962855,46.586723452099775,56.3906342664939,33.469307739502696,41.8265185596069,62.18113758119897,29.449218700787295,52.4502266019022,36.147229124652874,29.96193062951186,45.028826953258736,51.33694505752504,36.19419508781788,62.113907559685046,35.96557252692935,41.45763274139773,31.668869120496193
8-2018,53.57089329666849,54.241001923151,56.16208958289749,61.73381240036817,47.25080851158745,37.645655235821295,66.32707653895916,76.46063425647863,50.62030907972166,62.97518014676348,46.27610102691878,58.26405612121273,71.94936426882298,61.07576220248017,44.65637080710314,53.50821817221844,70.01870353646517,58.60312684373052,59.12423874705928,65.86479491241545,57.31007531409853,38.876454184698375,49.80586006558296,52.03557513906929,67.38450871778947,32.02771631348517,67.57759001801502,61.55004426965738,42.48570701946762,41.84361918321144,60.96592210625553,42.75513359560124,49.271221786383904,40.579258404607764,63.03599998075668,69.67794003641276,57.83175448471056,48.10957549880357,42.64563349833244,44.29046639312842,70.65386853463669,61.11754875120034,64.66397502613792,47.623840932429175,56.91562894942281,53.49634659916845,50.28549562057296,45.51959716994754,45.31114434016285,53.28502860278497,41.229029288503384,69.04515443031192,45.311247784574775,73.36395588262859,47.6267542105634,38.617587229051416,29.889998909778413
9-2018,38.500832485006256,41.265592028972605,36.20220515602137,39.9036419750557,31.316304590642567,26.1725181809579,47.81344165865718,53.88304613803135,38.259726294097,40.02232903461153,28.100357007833324,35.308061850355486,41.867782879745285,55.02798237849719,25.158520079833252,35.261247456877896,41.33190284427701,53.238441667951186,42.75859925409267,54.577207025098026,22.713835283504526,24.673995331842644,28.946053121765438,34.544584268048396,38.194882563626926,16.8885157459952,43.51088655296181,38.637058622587816,28.309298336633443,34.07240222994634,50.1487510921149,30.956155560295983,42.21261472052171,31.320268757448805,27.014147400497777,46.003090326709554,34.289707499089964,23.50555393326923,29.590415392540642,13.692442411938579,45.33934584391424,42.67573741488889,42.67111646721363,26.837570567160107,30.735472293476494,45.257492730498626,21.82490618491684,33.69240205629231,24.573160186919445,29.665511319301295,27.092935733258127,54.2297747659134,20.64748610528754,61.50828392210052,21.204961614568145,53.97930765694633,12.598083576781837
10-2018,47.29363869970753,3.56285367836208,27.41095251475611,46.76773647139949,23.969413249564365,0.059790121184972046,7.54373251721787,29.33929902958748,18.56528454820695,3.4354385410324104,22.749007204124148,36.08872721665324,10.086060599301478,20.52855342950139,41.215697417187535,7.340466604059002,25.213381527941035,16.676291474231164,7.7094066741737475,7.372623156281801,15.747849259500898,16.360851564647138,32.28542735854175,4.336982982818933,35.324790345233836,47.62965481215542,11.921666613581735,14.924317573241268,6.338666347505982,19.392950663325898,2.426647665726354,9.296155776122138,9.517145335759887,21.090784885246393,26.37016357541711,51.7341923284008,19.893137290205434,10.173326053294058,21.24220749685053,33.50241660359746,54.347510370753255,18.246542871344147,10.517155112628743,13.661016949152543,19.777613135726327,17.978744352007354,25.873383961551763,55.45762711864407,15.854530356868002,33.79766310991318,26.795586349647017,24.923762465520916,6.5720820659240085,1.9392559672583474,49.66990797698091,29.221985214538897,8.01347531867263
11-2018,45.88150219879067,48.97809129674791,43.91776391611026,46.99137545010535,30.71981738576628,42.837491003844384,49.49413073663574,52.471837140296266,32.89772741006443,40.79633313126461,32.62273651208409,41.492636405432634,63.93006985699952,56.278470609369066,21.72778810782047,35.110191495827266,40.71363002667133,56.99611701523523,38.42198867581945,57.24682713414036,30.159481776344343,22.337922425613968,20.083538389144177,44.63694075568303,49.22684591774246,15.616301974729689,55.53437677637021,65.06901764635894,33.250421853948076,27.726319012318825,52.14791337601131,42.67732828129469,42.74085285935719,29.002504674842168,35.58368653587317,44.4409182100959,32.46036822928419,36.36985275237155,19.647158262022163,33.37103040699452,60.08167721896665,51.49337178292875,52.60633501141021,37.24462374267266,38.61791015843076,43.9069343896483,25.36578092902448,27.272635182445313,23.100926348237667,33.515966742756035,38.79221574631778,60.47742037043218,27.88672672145595,71.76987028803676,24.157442445547996,42.961656623429725,42.00681134471702
12-2018,35.828745223051406,43.382813378909916,49.846742851972955,49.05167556436497,18.205335009665216,25.02388469819651,52.306172726147594,73.91611387025732,18.88294135204904,45.28408640841469,15.185028759164313,25.676017165790494,64.34939457503572,50.687498759323674,20.52827436923483,28.848736167174494,21.217651841676705,54.732326416698164,48.887643751320375,50.94423349079753,19.517986555307658,13.112667791973712,13.930797096772146,34.90165181064042,41.42742831192975,13.629620163784189,37.04425002749687,56.222819677218304,34.61410549042111,21.159423258238274,62.226959635685475,22.48787989113871,57.237225291907436,17.27771463424532,21.3036303376881,49.44936147357037,14.382811928102889,21.638466451723257,14.240171450992493,14.502633773239584,57.651002013180005,42.89161241276637,38.15723120681868,17.203208521932574,28.97235083146937,34.026408730534584,13.506112230502398,29.846712473268546,11.318078944554138,17.187886470850877,26.204784498480315,62.81015904698651,18.36768618544552,75.75092319936851,14.000709721707803,27.030011661170974,6.542856395177665
1-2019,58.109864422521724,55.05185411487269,54.13437316729675,48.36962467371407,42.51241457465632,38.27888903930468,56.72693781447259,56.56603695222991,45.82436095946729,44.06580603833632,37.91648733924388,38.90654122367918,55.82959461009407,58.01793475482695,35.74418108473299,46.46539183042986,47.396820343351706,60.44466770378845,53.89938891268455,58.548277684096064,34.87293800081489,30.537289150961698,40.7928458326816,43.756553986565244,54.955592818382655,27.217780675731305,52.06688713870099,48.53984467958913,42.69356200078812,41.99723093803062,52.988702124271754,40.1577565008081,51.5409301279881,23.686795079920028,41.956050648508835,57.34469744030806,37.05730032390987,40.630412294912496,42.01093156515741,19.97566612378202,59.657333908809235,59.03471691115524,58.08772576578419,37.69765455527071,45.80612018838057,42.14898673656322,41.34080410175706,48.71717222012068,31.47202007086925,41.781780838513136,44.433140735745056,57.62865831778405,40.612409707401646,55.58484479341438,34.434231742860185,55.37492151147199,22.28844517850574
2-2019,74.72389554367527,54.109192887437004,62.26708658301922,67.24404012914445,39.04471597718843,31.54088524856754,56.81669408606994,75.36982296919253,51.89543564419547,58.25058553214247,32.87026267332181,60.29398907321401,67.71555697078996,63.4757244358089,46.935873832636965,67.03010776686658,52.45553552732916,64.31413951036471,65.1594513622454,62.17115986440842,28.947048818557793,47.27137000237014,51.67089585885725,49.683860601277225,50.30340529977366,33.8679431296716,48.89277389277389,57.557441323519456,53.30558587558248,38.098809039685456,69.2921040318387,37.552888705026994,69.08446463806618,31.26969842130479,53.11158364473077,65.14539856077235,51.59638325480286,43.945000116070936,52.16912528517539,19.316431114258464,77.61553554812492,47.10319121589181,48.894992012539824,52.86385343498472,58.78407756895948,61.34414854271482,39.33032515844443,59.327869925885665,30.4131278919893,48.653334310289516,49.36366942870637,60.45997055012316,52.30296894329486,65.5534442189412,41.32745271897082,46.31657894077708,20.290286207532123
3-2019,79.45508104018316,54.03076306197504,46.762956681544075,46.27179287032597,48.38951320137478,31.684757646467613,46.64109866838815,61.90110632548128,44.2084763996266,52.22948332712775,32.60910741228046,47.858304005150764,53.50405538605063,67.99716957458702,18.28856333554395,56.01389574940795,65.80806236877191,64.90325268488678,52.51613450984954,52.90578417097693,31.83121525553598,44.76669021074658,43.12180207188563,9.748832148409544,44.04127502509415,30.16844597118765,68.95284830379902,47.62503190628308,47.05419336048227,23.657061970014674,74.54115812160254,7.82194497899232,77.66835327221847,20.144100893569803,66.14873863153738,56.845359156142564,56.42160527893797,28.891259477737595,27.95154594130124,10.6591449076419,58.09033748460071,62.880382725051774,60.08377536273391,50.92405334207099,52.406942167917556,53.794606291809245,48.054792680454156,41.14844725043834,16.23300342516984,50.821222809847626,48.90048176141799,70.70562606012477,32.39098608193651,57.04292146074374,45.23269562714087,32.57166819057274,9.961089941148376
4-2019,55.02283105022831,53.881278538812786,54.337899543378995,54.5662100456621,37.88009737406911,9.269262348213125,53.65296803652968,50.91324200913242,54.5662100456621,51.53191305475131,42.217996917448104,54.5662100456621,53.42465753424658,51.369863013698634,52.68138801261829,37.65178687178601,57.305936073059364,51.598173515981735,52.73144346974346,55.25114155251141,26.392550019446002,12.165996859830315,39.47827089005085,41.533065410598795,50.45662100456621,56.45823430275269,54.337899543378995,50.45662100456621,28.071748555954073,10.663973034873171,42.86907797127753,24.266453480834883,53.19634703196347,11.415525114155251,56.39269406392694,54.10958904109589,55.47945205479452,61.63555305878455,36.51023436037048,41.90037883698486,52.73972602739726,54.5662100456621,53.42465753424658,53.42465753424658,28.852109531423302,48.26498422712934,39.83946242599715,51.141552511415526,4.051251026316926,53.881278538812786,52.96803652968037,53.881278538812786,40.84597323653544,54.171888279100585,17.873759416907944,44.256226322688455,23.124900969419357
5-2019,49.74874371859298,86.43216080402016,86.43216080402016,82.41206030150752,58.793969849246274,61.306532663316624,86.93467336683419,94.47236180904525,77.88944723618094,74.87437185929647,86.43216080402016,71.35678391959803,81.90954773869349,82.41206030150752,38.190954773869336,94.9748743718593,69.34673366834173,83.41708542713569,92.96482412060305,80.90452261306534,19.095477386934668,83.9195979899498,63.31658291457286,31.155778894472352,86.43216080402016,62.81407035175882,90.95477386934674,91.45728643216086,93.9698492462312,72.86432160804023,100.0,22.110552763819097,92.96482412060305,65.82914572864321,55.778894472361806,82.91457286432164,,65.32663316582918,49.74874371859298,9.547738693467334,85.42713567839199,85.42713567839199,79.89949748743717,68.34170854271356,84.92462311557787,76.38190954773873,57.788944723618116,65.82914572864321,28.140703517587923,65.82914572864321,77.88944723618094,88.9447236180905,73.86934673366838,67.33668341708541,63.31658291457286,19.597989949748744,0.0
6-2019,69.77755211657478,68.22105030130979,63.378794687757996,63.27174585987192,40.694536633316325,24.521206523204945,73.97641975883909,80.64695744069225,52.38210246719556,51.43539605648924,43.015755921634806,48.70232213984311,69.2591535810209,76.1218677289726,33.26745846114583,47.39839705300086,56.379638098530386,82.1280695105638,57.52891319756855,67.90334129292684,43.346593085984914,36.981667009699635,31.637432212798387,45.721079311636196,64.52114156307329,32.44285598527296,71.80101358921273,66.23402839662863,42.78091387707256,54.50246197655357,55.486241136793886,53.02809355607389,48.14852582074019,47.947280612813955,48.533066681283756,64.89166205195252,48.79772857083611,40.72644211163598,31.51000128150053,23.787522193319294,75.60945497410032,69.7434457345475,64.007659893306,38.82073049494587,49.70209726627816,64.13925671830498,32.76221064904286,59.596439161759776,40.397460705183704,38.27784460014191,51.32322276133942,73.11038556840623,29.012044780359545,74.47510068177797,32.01737396192652,35.050612576465085,40.9049939794219
7-2019,71.8966128661415,62.966370752563364,56.132825428298986,48.47455139071461,33.889426152880006,31.393303857310165,50.57287328590537,56.71225176361545,58.98588853352761,53.6413731943453,32.24040742536319,38.247989501591135,60.03754823696268,56.626739469011056,50.89096058627523,47.087291505917776,48.62702617373126,58.21795066613358,47.780595647497776,53.10939383343882,42.4510642972668,30.67312047352014,27.48646266863574,49.689121098961756,44.30364931340859,36.554273990374,42.54357088923838,46.98523218806294,47.16418049906292,44.50574012764147,64.95268118690596,43.97884958660509,46.09441883437109,28.21755745618128,35.818166997877015,59.27191631369529,40.963213522233865,42.80696908131342,49.6671260203323,41.66373880731004,65.1812915580459,47.55552530540687,65.17632613167493,38.26395374169332,44.293223687219424,61.16036775688706,35.12584025875224,57.69571444392185,40.381680801414475,30.70048774226672,47.991388777010116,56.22600446236472,38.48031262269257,62.10647249309719,41.0702663036217,43.289073929360335,23.9855295678951
8-2019,56.78315650056258,54.22533171995926,51.049434554947695,62.96497657121863,51.89464629132924,40.95650427509093,63.22982983336167,74.64799470087047,48.74916276855304,61.46167323977427,46.836286830181166,57.560863855588245,69.48728515090228,61.37641489251448,50.60336039264425,56.11848516628108,69.7050967108913,57.97461053960519,61.658732765499956,63.41777966007543,56.60816635387912,38.307410524559366,47.41110605754316,44.33767611587353,66.78187790017752,26.728332400514923,66.53851983717202,58.75533788299149,45.04624296168209,44.07612959893131,60.70327844177389,43.083135411256094,48.6141264990303,40.296457901035915,64.9687423827613,70.90587406335182,58.565266641164456,49.98244821946741,45.44470658893542,45.798083211521266,69.90405162319443,59.72239756125207,59.7424717561407,45.23895728675351,53.55361064592077,56.61935688636415,49.244861667897545,49.023884991177624,44.12035559494027,53.828739446001755,40.781371339077204,63.429744507128845,47.370010648317354,66.78761384329954,50.96083272943748,35.679868478038436,31.402570697419108
9-2019,46.78793273719374,45.99091290355778,42.66582482757274,45.395527571046664,34.02858824957869,31.272764351718806,53.198390395879485,58.68601142184166,44.0012873945819,44.2500303673706,33.15707452009121,38.421172501643795,46.94818408884531,59.067481482038616,31.029939930522897,41.704135202743245,41.22435052271382,60.04843975694105,49.54517372154875,58.94279225060678,25.869878333676542,28.748223626939136,31.95799803766709,38.41909670478549,40.21357373025821,14.217372661567493,43.97821139550122,43.905187967130644,32.50121343737174,38.94480448840915,62.036296213382556,29.140770709310253,50.865308553084304,34.61115102714106,29.835393627476467,51.82844402375788,38.451569360785214,27.040323376582357,33.603334476806694,14.720644100119452,52.69734814844149,47.80978950641739,48.206813628489215,30.525921379241986,35.77814182600168,56.27057568654641,28.09592344642577,38.61500772328998,20.254935886433657,34.03697799189121,32.477064468358165,58.46714588843304,27.24529130258841,64.33494847895987,28.05403328636479,58.31795387473834,20.011155895825944
10-2019,40.83782174676138,2.731361579947061,26.81156994890261,47.187305541367586,22.748636926344723,0.057972437484923534,6.940420614004865,28.637219359526775,18.360561409515093,2.76262817851377,21.972951698326014,35.361651425903204,9.39572114676989,20.026172042135133,42.517909313280484,6.70240303707573,24.23544481981242,16.358331862636664,6.834329733323553,6.2906272357861654,11.978281240441225,17.123213942398564,34.69181807433675,4.2407650680077715,35.36176255604811,44.14777010592256,11.46477232369493,15.334250461313715,5.6594685803105635,17.864594022323065,1.9597821312030836,8.029652476208751,9.23361120549594,18.762766581848407,25.629450112183818,51.69468617304333,19.00944875457695,9.722768191780228,21.208379484797774,33.02256367113591,54.125249458028456,16.910082530950948,10.280453408279106,13.369713506139153,19.453633545863287,16.402732820576528,25.54147315572054,53.6493860845839,10.338816206935231,33.97311503483319,27.471418620768308,27.734133549424577,6.304672093366626,1.1333036053580827,51.5246456819978,9.495796488212342,3.608669454766552
11-2019,53.152818979800685,51.064584692633474,47.405020876819655,49.636579968134846,35.90015238262189,35.64561906025321,52.002254182132226,51.50483733181904,36.21429341322634,40.39705481397555,36.042065009290624,45.717833713260546,62.59986216922192,61.42950996609534,32.10300003745125,37.71524094694826,45.03835792707744,60.92247085006231,44.27869696924574,55.78820485070485,28.40487327148913,24.6332461576364,20.818257933349397,38.09406210320844,56.33699732404001,25.690155034667228,58.46948134295695,68.29983546828059,34.09285201587031,34.36352886048008,51.17063957384079,47.16922263035068,43.042847932329636,30.19840860923178,40.58703942850285,46.79341435438996,36.64364993633286,38.10505847472311,26.871949330028595,37.6349988087793,63.57490409319678,53.89462121550537,53.479647328732696,39.54704523683182,39.706979447833106,47.640762720793205,36.390644557565295,34.24361673218381,26.23292005532859,36.472356967783796,39.819399350649356,63.03152202923545,29.315181910456296,70.41371075288758,29.85665996717826,45.40045221828759,41.32643398268398
12-2019,40.928275788143644,46.533767791755594,54.12110506220092,52.76776850506999,22.843909193893573,26.98708941312262,49.75018524129963,77.50772665802229,22.11053420684062,49.55065053187452,17.00978925088338,26.671746295379535,64.78713112140869,57.41001556638897,27.016796217736626,33.83027192899413,21.507731146575512,57.01341354325771,47.32941371303826,51.61882502879355,20.86679516451199,14.432305138115074,14.259651702989881,31.186229604317255,43.746316164421735,12.26628096058397,40.263786176396174,59.437617344665,38.25748587625416,24.527586398541075,64.12774391989029,23.712253230290642,62.00572355897015,19.655975755354937,23.307269509122147,53.0782266781695,18.62787549098674,24.592124581496833,17.111275882280232,16.33479395351736,62.950707678054265,46.639252427883996,39.43121831437376,20.64502123395973,31.60215230594958,37.84144381796909,18.028768146809092,38.96569874059699,11.964066227887697,17.878136007393078,28.320214953836,64.51316785808545,20.92972142670025,73.76553330587569,21.643749074799583,30.51820514616228,9.400226925698348
